card_id,name,set,number,finish,pay_low_usd,pay_high_usd,pay_source,trust,sales_behind_mark,listings_now,sellers_now,listings_as_of,nm_usd,lp_usd,conflict_ratio
ex15-61,ex15-61,,61,normal,0.94,1.27,triangulated,green,46,7,6,2026-08-04,1.1074325370697786,1.995,
ex15-61,ex15-61,,61,reverse_holo,27,55,triangulated,red,0,4,4,2026-08-04,34.99,35.152,
pl4-1,Charizard,Arceus,1,holo,42,72,triangulated,green,47,28,26,2026-08-04,72.36713916027173,43.2354925,
pl4-1,Charizard,Arceus,1,other,46,65,book,red,0,40,33,2026-08-04,99.79,47.59,
pl4-1,Charizard,Arceus,1,reverse_holo,19,39,triangulated,conflict,5,5,5,2026-08-04,4.99,42.84724965,0.12
pl4-12,Zapdos G,Arceus,12,holo,19,38,triangulated,green,26,13,12,2026-08-04,17.246745543978257,14.815999999999999,
pl4-12,Zapdos G,Arceus,12,other,9.25,16,book,red,0,16,14,2026-08-04,6.5,4.4,
pl4-12,Zapdos G,Arceus,12,reverse_holo,16,28,triangulated,red,0,2,1,2026-08-04,31.14,13.897000000000002,
pl4-4,Kabutops,Arceus,4,holo,15,31,triangulated,green,33,21,18,2026-08-04,14.967043167309184,36.816,
pl4-4,Kabutops,Arceus,4,other,9.75,14,book,red,0,25,22,2026-08-04,41.21133055,20.0,3.46
pl4-4,Kabutops,Arceus,4,reverse_holo,8.01,15,triangulated,red,0,4,4,2026-08-04,15.33,8.743500000000001,
pl4-59,Charmander,Arceus,59,normal,5.6,11,triangulated,green,56,12,12,2026-08-04,2.426154877735499,2.1639999999999997,
pl4-59,Charmander,Arceus,59,reverse_holo,48,65,triangulated,amber,4,4,3,2026-08-04,56.632000000000005,42.99,
pl4-60,Cherubi,Arceus,60,normal,3.56,7.18,triangulated,green,61,9,7,2026-08-04,1.672732938241269,2.45,
pl4-60,Cherubi,Arceus,60,other,1.25,1.89,book,red,0,13,12,2026-08-02,100.0,49.99,63.69
pl4-60,Cherubi,Arceus,60,reverse_holo,8.05,16,triangulated,green,7,4,2,2026-08-04,14.908999999999999,10.370000000000001,
pl4-64,Gastly,Arceus,64,normal,0.43,0.59,triangulated,conflict,32,13,9,2026-08-04,0.5111689503709483,2.255,0.29
pl4-64,Gastly,Arceus,64,other,0.25,0.47,book,red,0,14,14,2026-08-11,6.03,1.99,16.75
pl4-64,Gastly,Arceus,64,reverse_holo,17,30,triangulated,green,5,6,6,2026-08-04,16.589,16.555,
pl4-71,Pikachu,Arceus,71,normal,6.33,7.21,triangulated,green,105,22,20,2026-08-04,6.329755557726258,4.937,
pl4-71,Pikachu,Arceus,71,other,6.66,6.92,book,red,0,9,9,2026-08-11,24.5,21.0,3.61
pl4-71,Pikachu,Arceus,71,reverse_holo,31,42,triangulated,conflict,4,52,46,2026-08-11,36.800000000000004,34.406,6.15
pl4-75,Snorunt,Arceus,75,normal,2.5,3.38,triangulated,green,53,5,4,2026-08-04,2.9407913643485513,2.6165000000000003,
pl4-75,Snorunt,Arceus,75,reverse_holo,26,46,triangulated,red,0,1,1,2026-08-04,39.33,28.879,
pl4-8,Salamence,Arceus,8,holo,9.44,16,triangulated,green,27,11,11,2026-08-04,9.970180045386144,6.829000000000001,
pl4-8,Salamence,Arceus,8,reverse_holo,4.57,9.22,triangulated,amber,3,4,4,2026-08-04,13.88,7.728000000000001,
bw7-67,Cresselia-EX,Boundaries Crossed,67,holo,14,19,triangulated,conflict,13,16,13,2026-08-04,16.4450225132177,7.143,2.12
ex14-1,Banette,Crystal Guardians,1,holo,8.43,11,triangulated,green,18,22,17,2026-08-11,9.922484542718678,9.775,
ex14-1,Banette,Crystal Guardians,1,reverse_holo,5.69,11,triangulated,red,0,4,4,2026-08-04,30.5,26.529,
ex14-10,Sableye,Crystal Guardians,10,holo,40,56,triangulated,green,14,6,6,2026-08-04,55.31171347812867,35.123999999999995,
ex14-10,Sableye,Crystal Guardians,10,reverse_holo,53,106,triangulated,red,0,3,2,2026-08-04,68.12,67.509,0.37
ex14-11,Swalot,Crystal Guardians,11,holo,5.04,9.81,triangulated,green,17,0,0,,9.043281009787576,6.853000000000001,
ex14-11,Swalot,Crystal Guardians,11,reverse_holo,11,22,triangulated,red,0,6,3,2026-08-04,39.99,14.269500000000003,
ex14-12,Tauros,Crystal Guardians,12,holo,19,38,triangulated,green,30,10,10,2026-08-04,19.439268027854418,10.239500000000001,
ex14-12,Tauros,Crystal Guardians,12,reverse_holo,17,22,triangulated,conflict,3,8,4,2026-08-04,19.558,19.989,0.42
ex14-13,Wigglytuff,Crystal Guardians,13,holo,18,32,triangulated,green,35,0,0,,22.29647663588512,9.474,
ex14-13,Wigglytuff,Crystal Guardians,13,reverse_holo,29,40,triangulated,amber,3,8,6,2026-08-04,34.682,22.136000000000003,
ex14-15,Cacturne δ,Crystal Guardians,15,holo,18,24,triangulated,conflict,3,27,24,2026-08-04,21.003,,7.02
ex14-15,Cacturne δ,Crystal Guardians,15,normal,1.54,2.09,triangulated,green,13,2,2,2026-08-04,1.8162205363722015,1.942,
ex14-15,Cacturne δ,Crystal Guardians,15,reverse_holo,22,44,triangulated,amber,3,7,5,2026-08-04,19.093000000000004,16.759999999999998,
ex14-2,Blastoise δ,Crystal Guardians,2,holo,101,203,triangulated,green,21,19,17,2026-08-04,231.7060884419884,139.405,
ex14-2,Blastoise δ,Crystal Guardians,2,reverse_holo,51,104,triangulated,red,0,17,15,2026-08-04,181.35,200.489,
ex14-3,Camerupt,Crystal Guardians,3,holo,9.95,16,triangulated,green,41,39,30,2026-08-06,11.521897026398948,5.466000000000001,
ex14-3,Camerupt,Crystal Guardians,3,reverse_holo,6.83,14,triangulated,green,6,13,10,2026-08-04,22.307499999999997,14.577,
ex14-4,Charizard δ,Crystal Guardians,4,holo,584,790,triangulated,green,16,26,10,2026-08-04,687.1227344771218,406.022,
ex14-4,Charizard δ,Crystal Guardians,4,reverse_holo,338,683,triangulated,red,0,9,3,2026-08-04,1199.99,520.139,3.45
ex14-45,Bulbasaur,Crystal Guardians,45,holo,1.37,2.77,triangulated,red,0,2,2,2026-08-04,11.65,,
ex14-45,Bulbasaur,Crystal Guardians,45,normal,9.18,13,triangulated,green,78,31,25,2026-08-04,9.177062616882061,6.034,
ex14-45,Bulbasaur,Crystal Guardians,45,reverse_holo,80,108,triangulated,green,12,8,6,2026-08-04,93.78750000000001,59.455,
ex14-46,Bulbasaur,Crystal Guardians,46,holo,6.18,8.36,triangulated,amber,4,1,1,2026-08-04,7.273500000000001,,
ex14-46,Bulbasaur,Crystal Guardians,46,normal,6.3,13,triangulated,green,49,15,15,2026-08-04,3.5694637085723437,2.495,
ex14-46,Bulbasaur,Crystal Guardians,46,reverse_holo,67,90,triangulated,amber,3,7,6,2026-08-04,78.356,48.084,
ex14-47,Cacnea,Crystal Guardians,47,holo,3.74,7.55,triangulated,red,0,0,0,,12.3,6.99,
ex14-47,Cacnea,Crystal Guardians,47,normal,0.82,1.12,triangulated,conflict,25,5,5,2026-08-04,0.970249704932344,2.3899999999999997,0.37
ex14-47,Cacnea,Crystal Guardians,47,reverse_holo,2.48,5.02,triangulated,amber,3,0,0,,12.705,7.969000000000001,
ex14-48,Charmander,Crystal Guardians,48,normal,4.25,5.75,triangulated,green,55,17,15,2026-08-04,5.0010231895451565,2.8545000000000003,
ex14-48,Charmander,Crystal Guardians,48,reverse_holo,63,85,triangulated,amber,4,20,17,2026-08-04,74.1445,42.4305,
ex14-49,Charmander δ,Crystal Guardians,49,holo,46,93,triangulated,red,0,84,78,2026-08-04,149.0,,24.87
ex14-49,Charmander δ,Crystal Guardians,49,normal,5.43,7.34,triangulated,green,80,31,28,2026-08-04,6.385766215610772,3.7365000000000004,
ex14-49,Charmander δ,Crystal Guardians,49,reverse_holo,29,58,triangulated,red,0,3,3,2026-08-04,149.0,142.549,
ex14-5,Dugtrio,Crystal Guardians,5,holo,8.43,17,triangulated,green,48,18,13,2026-08-04,25.408249976492222,12.302,
ex14-5,Dugtrio,Crystal Guardians,5,normal,5.89,12,triangulated,red,0,1,0,2026-08-04,5.4,9.68,
ex14-5,Dugtrio,Crystal Guardians,5,reverse_holo,37,51,triangulated,amber,3,3,3,2026-08-04,43.936,49.95,
ex14-50,Diglett,Crystal Guardians,50,normal,2.26,3.06,triangulated,green,46,8,8,2026-08-04,2.661053972557327,2.162,
ex14-50,Diglett,Crystal Guardians,50,reverse_holo,24,39,triangulated,green,5,9,5,2026-08-04,26.099,28.656,
ex14-51,Duskull,Crystal Guardians,51,normal,0.52,0.7,triangulated,conflict,24,11,9,2026-08-04,0.6081294122499825,1.813,0.26
ex14-51,Duskull,Crystal Guardians,51,reverse_holo,13,18,triangulated,amber,3,17,11,2026-08-06,15.718,11.086500000000001,
ex14-52,Electrike,Crystal Guardians,52,holo,5.85,12,triangulated,red,0,59,45,2026-08-11,9.55,7.5,3.7
ex14-52,Electrike,Crystal Guardians,52,normal,1.19,2.4,triangulated,red,0,11,8,2026-08-04,0.3,0.23,0.2
ex14-52,Electrike,Crystal Guardians,52,reverse_holo,5.47,7.4,triangulated,conflict,11,12,11,2026-08-04,6.437941812104256,6.919,0.37
ex14-53,Jigglypuff,Crystal Guardians,53,holo,12,24,triangulated,red,0,0,0,,1.45,15.46,
ex14-53,Jigglypuff,Crystal Guardians,53,normal,1.34,1.81,triangulated,green,46,6,5,2026-08-04,1.5766647556018745,2.24,
ex14-53,Jigglypuff,Crystal Guardians,53,reverse_holo,18,24,triangulated,amber,4,0,0,,20.865000000000002,17.73,
ex14-56,Meditite,Crystal Guardians,56,holo,3.96,5.35,triangulated,amber,3,3,3,2026-08-04,4.6530000000000005,5.6,
ex14-56,Meditite,Crystal Guardians,56,normal,0.89,1.2,triangulated,green,13,10,9,2026-08-04,1.0460595095617626,1.924,
ex14-56,Meditite,Crystal Guardians,56,reverse_holo,11,12,triangulated,green,11,13,9,2026-08-04,11.034,7.76,
ex14-57,Mudkip,Crystal Guardians,57,normal,2.18,2.94,triangulated,green,52,23,14,2026-08-04,2.559513187739548,3.1399999999999997,
ex14-57,Mudkip,Crystal Guardians,57,reverse_holo,5.79,12,triangulated,green,6,9,7,2026-08-04,57.148,45.55350000000001,
ex14-6,Ludicolo δ,Crystal Guardians,6,holo,33,60,triangulated,green,17,5,4,2026-08-04,33.8717814002801,15.602,
ex14-6,Ludicolo δ,Crystal Guardians,6,reverse_holo,27,54,triangulated,red,0,4,4,2026-08-04,74.99,34.282,3.45
ex14-60,Seedot,Crystal Guardians,60,holo,5.07,10,triangulated,red,0,56,44,2026-08-11,0.33,6.5,0.13
ex14-60,Seedot,Crystal Guardians,60,normal,6.5,8.8,triangulated,conflict,20,6,6,2026-08-04,7.648853386978763,1.8179999999999998,3.82
ex14-60,Seedot,Crystal Guardians,60,reverse_holo,5.7,7.97,triangulated,green,10,13,12,2026-08-04,7.0505,5.8100000000000005,
ex14-63,Squirtle,Crystal Guardians,63,normal,2.48,3.36,triangulated,green,54,19,16,2026-08-04,2.9188508487178284,2.38,
ex14-63,Squirtle,Crystal Guardians,63,reverse_holo,61,83,triangulated,green,5,8,5,2026-08-04,72.222,49.518,
ex14-64,Squirtle,Crystal Guardians,64,normal,9.65,18,triangulated,green,73,23,22,2026-08-04,9.654664699973754,4.9525,
ex14-64,Squirtle,Crystal Guardians,64,reverse_holo,168,227,triangulated,amber,4,4,4,2026-08-04,197.51250000000002,123.69050000000001,
ex14-66,Torchic,Crystal Guardians,66,holo,34,68,triangulated,red,0,59,53,2026-08-11,1.19,42.99,0.48
ex14-66,Torchic,Crystal Guardians,66,normal,1.14,1.54,triangulated,conflict,40,12,11,2026-08-04,1.338623068758935,1.99,0.45
ex14-66,Torchic,Crystal Guardians,66,reverse_holo,24,49,triangulated,green,8,3,2,2026-08-04,65.164,42.1185,
ex14-68,Treecko δ,Crystal Guardians,68,holo,11,22,triangulated,red,0,49,37,2026-08-04,39.19,,14.1
ex14-68,Treecko δ,Crystal Guardians,68,normal,1.82,2.46,triangulated,green,38,6,6,2026-08-04,2.1424140405058534,1.99,
ex14-68,Treecko δ,Crystal Guardians,68,reverse_holo,30,48,triangulated,green,6,10,7,2026-08-04,47.798,30.3935,
ex14-7,Luvdisc,Crystal Guardians,7,holo,4.29,8.66,triangulated,green,29,20,16,2026-08-06,13.665707226431477,8.55,
ex14-7,Luvdisc,Crystal Guardians,7,reverse_holo,19,26,triangulated,amber,3,4,3,2026-08-04,22.44815319,15.7755,
ex14-70,Wingull,Crystal Guardians,70,normal,1.21,1.63,triangulated,green,13,13,10,2026-08-04,1.4215079855334796,1.8259999999999998,
ex14-70,Wingull,Crystal Guardians,70,reverse_holo,5.28,11,triangulated,green,9,13,11,2026-08-04,12.785,7.371,
ex14-8,Manectric,Crystal Guardians,8,holo,8.77,18,triangulated,green,40,26,19,2026-08-04,17.893259907681276,11.3335,
ex14-8,Manectric,Crystal Guardians,8,reverse_holo,5.08,10,triangulated,amber,3,9,8,2026-08-11,24.15,16.369,
ex14-89,Aggron ex,Crystal Guardians,89,holo,31,63,triangulated,green,10,12,12,2026-08-04,79.81343360597967,78.006,
ex14-9,Mawile,Crystal Guardians,9,holo,18,37,triangulated,green,19,19,17,2026-08-04,23.559126017352813,9.896500000000001,
ex14-9,Mawile,Crystal Guardians,9,reverse_holo,30,42,triangulated,amber,3,4,4,2026-08-04,37.819,10.988000000000001,
ex14-90,Blaziken ex,Crystal Guardians,90,holo,61,123,triangulated,green,11,12,8,2026-08-11,134.80728901079877,144.5,
ex14-91,Delcatty ex,Crystal Guardians,91,holo,62,84,triangulated,green,11,15,12,2026-08-11,72.9409282080433,50.539,
ex14-92,Exploud ex,Crystal Guardians,92,holo,54,73,triangulated,amber,4,6,5,2026-08-04,63.34148329780476,46.07,
ex14-93,Groudon ex,Crystal Guardians,93,holo,140,190,triangulated,amber,3,11,9,2026-08-06,165.1722323105834,123.375,
ex14-94,Jirachi ex,Crystal Guardians,94,holo,126,170,triangulated,green,10,24,13,2026-08-04,147.9719011732343,172.164,
ex14-95,Kyogre ex,Crystal Guardians,95,holo,40,81,triangulated,amber,1,19,16,2026-08-04,175.22700000000003,156.807,
ex14-96,Sceptile ex δ,Crystal Guardians,96,holo,189,255,triangulated,amber,4,3,3,2026-08-04,222.1551201138268,151.478,
ex14-97,Shiftry ex,Crystal Guardians,97,holo,21,42,triangulated,green,7,20,16,2026-08-04,46.22492847084277,45.073,
ex14-98,Swampert ex,Crystal Guardians,98,holo,190,257,triangulated,amber,3,21,14,2026-08-11,223.43689977723076,136.493,
bw5-17,Blaziken,Dark Explorers,17,holo,13,23,triangulated,green,45,14,13,2026-08-06,16.080695254247036,9.843,
bw5-17,Blaziken,Dark Explorers,17,reverse_holo,14,28,triangulated,amber,3,3,3,2026-08-06,11.146,12.139,
bw5-26,Kyogre-EX,Dark Explorers,26,holo,55,74,triangulated,green,14,14,14,2026-08-04,64.77606044166072,31.194,
bw5-3,Venusaur,Dark Explorers,3,holo,12,17,triangulated,green,14,49,40,2026-08-06,14.491780759900564,8.962000000000002,
bw5-3,Venusaur,Dark Explorers,3,other,9.21,13,book,red,0,61,47,2026-08-06,15.51,10.18,
bw5-3,Venusaur,Dark Explorers,3,reverse_holo,4.16,8.39,triangulated,red,0,6,6,2026-08-04,39.56,4.1610000000000005,2.3
bw5-54,Groudon-EX,Dark Explorers,54,holo,61,94,triangulated,green,14,9,9,2026-08-04,63.23486504035302,60.61,
bw5-63,Darkrai-EX,Dark Explorers,63,holo,3.44,6.94,triangulated,green,24,9,9,2026-08-04,12.795036409500495,10.027500000000002,
ex11-1,Beedrill δ,Delta Species,1,holo,25,49,triangulated,green,21,9,8,2026-08-04,48.719378054900844,25.397,
ex11-1,Beedrill δ,Delta Species,1,reverse_holo,64,87,triangulated,amber,3,2,2,2026-08-04,75.549,33.3725,
ex11-10,Marowak δ,Delta Species,10,holo,24,42,triangulated,green,19,12,11,2026-08-04,39.49177812044411,20.637,
ex11-10,Marowak δ,Delta Species,10,reverse_holo,34,45,triangulated,conflict,3,4,2,2026-08-04,34.5,36.227000000000004,0.33
ex11-101,Potion,Delta Species,101,normal,0.25,0.51,triangulated,red,0,3,2,2026-08-04,0.29,0.14,0.1
ex11-101,Potion,Delta Species,101,reverse_holo,0.32,0.43,triangulated,green,6,1,1,2026-08-04,0.37210295373898683,1.65,
ex11-102,Switch,Delta Species,102,normal,0.25,0.34,triangulated,conflict,14,6,3,2026-08-04,0.2944490446565555,1.24481064,0.14
ex11-102,Switch,Delta Species,102,reverse_holo,5.33,7.2,triangulated,conflict,3,4,3,2026-08-04,6.265000000000001,5.32,0.46
ex11-11,Metagross δ,Delta Species,11,holo,114,165,triangulated,green,20,9,9,2026-08-04,139.5093985953776,49.855000000000004,
ex11-11,Metagross δ,Delta Species,11,reverse_holo,203,274,triangulated,amber,3,7,6,2026-08-04,238.5,194.28,
ex11-114,Azumarill,Delta Species,114,holo,47,95,triangulated,green,12,6,6,2026-08-11,44.13197365868571,40.47,
ex11-12,Mewtwo δ,Delta Species,12,holo,378,511,triangulated,green,15,10,7,2026-08-04,444.2656663084591,244.25400000000002,
ex11-12,Mewtwo δ,Delta Species,12,reverse_holo,226,456,triangulated,red,0,8,5,2026-08-04,100.0,703.698,0.17
ex11-13,Rayquaza δ,Delta Species,13,holo,144,291,triangulated,green,19,12,6,2026-08-04,264.1610894795599,239.19,
ex11-13,Rayquaza δ,Delta Species,13,reverse_holo,254,343,triangulated,amber,3,0,0,,298.689,294.00800000000004,
ex11-14,Salamence δ,Delta Species,14,holo,52,97,triangulated,green,33,15,12,2026-08-04,51.690498631919866,35.14,
ex11-14,Salamence δ,Delta Species,14,reverse_holo,52,104,triangulated,amber,3,5,4,2026-08-04,49.711,122.07300000000001,
ex11-15,Starmie δ,Delta Species,15,holo,31,48,triangulated,amber,3,11,10,2026-08-11,30.823,25.493,
ex11-15,Starmie δ,Delta Species,15,reverse_holo,8.35,17,triangulated,green,19,6,6,2026-08-04,46.74476227461307,26.887,
ex11-16,Tyranitar δ,Delta Species,16,holo,126,170,triangulated,green,9,4,4,2026-08-04,148.1712762434829,113.137,
ex11-16,Tyranitar δ,Delta Species,16,reverse_holo,67,135,triangulated,red,0,3,3,2026-08-04,297.2,144.22799999999998,
ex11-17,Umbreon δ,Delta Species,17,holo,172,348,triangulated,green,16,14,9,2026-08-11,439.0018642523277,215.2115,
ex11-17,Umbreon δ,Delta Species,17,reverse_holo,111,223,triangulated,amber,4,16,11,2026-08-11,402.136,386.096,
ex11-18,Vaporeon δ,Delta Species,18,holo,122,234,triangulated,green,26,10,9,2026-08-04,122.0628380019418,97.56200000000001,
ex11-18,Vaporeon δ,Delta Species,18,reverse_holo,162,242,triangulated,amber,4,5,3,2026-08-04,162.487,197.59,
ex11-19,Azumarill δ,Delta Species,19,normal,7.75,10,triangulated,green,14,4,3,2026-08-04,9.117949646110363,6.048000000000001,
ex11-19,Azumarill δ,Delta Species,19,reverse_holo,48,70,triangulated,green,5,7,5,2026-08-04,52.899,39.423500000000004,
ex11-2,Crobat δ,Delta Species,2,holo,11,22,triangulated,green,47,27,16,2026-08-06,23.604595981846614,16.036,
ex11-2,Crobat δ,Delta Species,2,reverse_holo,59,80,triangulated,conflict,5,6,6,2026-08-04,69.66300000000001,30.562,2.73
ex11-21,Holon's Electrode,Delta Species,21,normal,10,14,triangulated,conflict,21,5,5,2026-08-04,11.80346877174568,2.087,2.66
ex11-21,Holon's Electrode,Delta Species,21,reverse_holo,20,27,triangulated,amber,3,6,3,2026-08-04,23.899,20.602,
ex11-22,Holon's Magneton,Delta Species,22,holo,2.57,5.2,triangulated,red,0,16,15,2026-08-11,4.915,1.89,
ex11-22,Holon's Magneton,Delta Species,22,normal,7.12,14,triangulated,green,14,2,2,2026-08-04,5.965290112501967,5.11,
ex11-22,Holon's Magneton,Delta Species,22,reverse_holo,27,37,triangulated,amber,3,2,1,2026-08-04,31.832,19.268499999999996,
ex11-23,Hypno,Delta Species,23,holo,23,47,triangulated,red,0,15,13,2026-08-04,30.56,29.99,2.4
ex11-23,Hypno,Delta Species,23,normal,2.43,4.9,triangulated,red,0,7,7,2026-08-04,2.85,1.36,
ex11-23,Hypno,Delta Species,23,reverse_holo,15,30,triangulated,green,12,6,5,2026-08-04,19.776105409857585,14.852,
ex11-24,Mightyena δ,Delta Species,24,holo,20,39,triangulated,red,0,1,1,2026-08-04,59.0,25.0,
ex11-24,Mightyena δ,Delta Species,24,normal,7.39,10.0,triangulated,green,14,4,4,2026-08-04,8.691434742378966,5.956,
ex11-24,Mightyena δ,Delta Species,24,reverse_holo,34,46,triangulated,amber,3,1,1,2026-08-04,33.800000000000004,31.635500000000004,
ex11-25,Porygon2,Delta Species,25,normal,4.09,8.27,triangulated,green,14,3,2,2026-08-04,2.9785238420766493,2.243,
ex11-25,Porygon2,Delta Species,25,reverse_holo,34,46,triangulated,amber,4,1,1,2026-08-04,39.997,27.215,
ex11-26,Rain Castform,Delta Species,26,normal,5.55,11,triangulated,green,13,3,3,2026-08-04,4.121934808381034,3.8440000000000003,
ex11-26,Rain Castform,Delta Species,26,reverse_holo,12,24,triangulated,amber,4,4,3,2026-08-04,28.191,19.737,
ex11-27,Sandslash δ,Delta Species,27,normal,6.61,8.94,triangulated,green,11,7,6,2026-08-04,7.774036225304858,4.057,
ex11-27,Sandslash δ,Delta Species,27,reverse_holo,38,48,triangulated,amber,3,1,1,2026-08-04,39.883,26.450000000000003,
ex11-28,Slowking,Delta Species,28,normal,3.81,5.16,triangulated,green,18,3,3,2026-08-04,4.487445662270681,3.9030000000000005,
ex11-28,Slowking,Delta Species,28,reverse_holo,79,107,triangulated,amber,3,4,2,2026-08-04,93.054,45.641999999999996,
ex11-29,Snow-cloud Castform,Delta Species,29,normal,7.2,15,triangulated,amber,24,2,2,2026-08-04,13.005900189909132,3.021,
ex11-29,Snow-cloud Castform,Delta Species,29,reverse_holo,23,32,triangulated,green,6,5,5,2026-08-04,24.673,12.99,
ex11-3,Dragonite δ,Delta Species,3,holo,182,295,triangulated,green,17,7,6,2026-08-04,259.9146567972692,200.11,
ex11-3,Dragonite δ,Delta Species,3,reverse_holo,71,143,triangulated,green,6,7,5,2026-08-04,280.58559163999996,317.5,
ex11-30,Starmie δ,Delta Species,30,normal,16,22,triangulated,green,19,4,3,2026-08-04,18.94307335494753,5.550000000000001,
ex11-30,Starmie δ,Delta Species,30,reverse_holo,46,63,triangulated,amber,4,3,2,2026-08-04,54.59550000000001,41.548,
ex11-31,Sunny Castform,Delta Species,31,normal,4.01,5.43,triangulated,green,16,2,2,2026-08-04,4.717667897816302,2.9930000000000003,
ex11-31,Sunny Castform,Delta Species,31,reverse_holo,29,40,triangulated,amber,3,5,2,2026-08-04,34.39,24.641,
ex11-32,Swellow,Delta Species,32,normal,0.86,1.16,triangulated,conflict,8,7,7,2026-08-04,1.0105708487076288,2.282,0.47
ex11-32,Swellow,Delta Species,32,reverse_holo,15,30,triangulated,conflict,3,3,3,2026-08-04,11.018,14.102,0.32
ex11-33,Weezing,Delta Species,33,normal,1.1,1.48,triangulated,conflict,16,8,7,2026-08-04,1.2902156986089524,2.09,0.43
ex11-33,Weezing,Delta Species,33,reverse_holo,2.88,5.81,triangulated,green,7,2,2,2026-08-04,26.331000000000003,16.575,
ex11-4,Espeon δ,Delta Species,4,holo,64,130,triangulated,green,9,8,6,2026-08-11,220.88988559931877,118.112,
ex11-4,Espeon δ,Delta Species,4,reverse_holo,111,224,triangulated,red,0,2,0,2026-08-04,200.0,165.347,
ex11-41,Dragonair δ,Delta Species,41,holo,48,98,triangulated,red,0,1,1,2026-08-04,65.49,62.0,
ex11-41,Dragonair δ,Delta Species,41,normal,12,24,triangulated,green,47,10,9,2026-08-04,6.825958578928072,4.818,
ex11-41,Dragonair δ,Delta Species,41,reverse_holo,76,103,triangulated,amber,3,2,2,2026-08-04,89.97900000000001,50.47200000000001,
ex11-49,Metang δ,Delta Species,49,normal,3.39,4.59,triangulated,green,20,2,2,2026-08-04,3.9896149819630753,49.99,
ex11-49,Metang δ,Delta Species,49,reverse_holo,25,34,triangulated,green,6,5,4,2026-08-04,29.695500000000003,18.3105,
ex11-5,Flareon δ,Delta Species,5,holo,70,142,triangulated,green,15,10,4,2026-08-04,150.42734919656692,96.53200000000001,
ex11-5,Flareon δ,Delta Species,5,reverse_holo,206,279,triangulated,amber,3,2,2,2026-08-04,242.491,82.89500000000001,
ex11-51,Pupitar δ,Delta Species,51,normal,2.09,2.82,triangulated,green,18,1,1,2026-08-04,2.4554405166377897,2.381,
ex11-51,Pupitar δ,Delta Species,51,reverse_holo,33,67,triangulated,amber,3,3,3,2026-08-04,31.333,14.7,
ex11-53,Shelgon δ,Delta Species,53,normal,1.22,1.65,triangulated,green,24,5,5,2026-08-04,1.4336949230337939,2.2800000000000002,
ex11-53,Shelgon δ,Delta Species,53,reverse_holo,18,36,triangulated,red,0,35,30,2026-08-11,40.0,19.003999999999998,24.17
ex11-57,Bagon δ,Delta Species,57,normal,0.45,0.6,triangulated,conflict,23,3,1,2026-08-04,0.5250853167547638,1.908,0.26
ex11-57,Bagon δ,Delta Species,57,reverse_holo,14,28,triangulated,red,0,3,2,2026-08-04,16.5,17.734499999999997,0.46
ex11-58,Bagon δ,Delta Species,58,normal,0.83,1.12,triangulated,conflict,21,8,8,2026-08-04,0.9771245490968725,1.99,0.37
ex11-58,Bagon δ,Delta Species,58,reverse_holo,39,53,triangulated,amber,3,4,4,2026-08-04,46.25,24.96,
ex11-59,Beldum δ,Delta Species,59,normal,0.84,1.13,triangulated,conflict,25,4,4,2026-08-04,0.9824866880956152,2.45,0.26
ex11-59,Beldum δ,Delta Species,59,reverse_holo,21,42,triangulated,red,0,3,3,2026-08-04,18.54,26.483999999999998,
ex11-6,Gardevoir δ,Delta Species,6,holo,110,149,triangulated,green,23,8,7,2026-08-11,129.83355757037478,79.1115,
ex11-6,Gardevoir δ,Delta Species,6,reverse_holo,106,183,triangulated,conflict,5,3,3,2026-08-04,157.099,159.41850000000002,2.2
ex11-60,Cubone,Delta Species,60,holo,35,70,triangulated,red,0,19,17,2026-08-04,6.44,,
ex11-60,Cubone,Delta Species,60,normal,3.98,5.39,triangulated,green,23,4,4,2026-08-04,4.687884947075725,3.7720000000000002,
ex11-60,Cubone,Delta Species,60,reverse_holo,79,107,triangulated,conflict,7,19,17,2026-08-04,92.953,74.32,20.73
ex11-61,Ditto,Delta Species,61,normal,71,143,triangulated,green,53,2,2,2026-08-02,48.75681593395046,41.46,
ex11-61,Ditto,Delta Species,61,reverse_holo,172,249,triangulated,conflict,3,4,3,2026-08-04,249.499,181.928,4.7
ex11-62,Ditto,Delta Species,62,normal,16,33,triangulated,green,72,8,8,2026-08-04,25.821520822882455,19.97,
ex11-62,Ditto,Delta Species,62,reverse_holo,164,222,triangulated,conflict,5,8,8,2026-08-04,193.475,145.98486654,8.55
ex11-63,Ditto,Delta Species,63,holo,87,176,triangulated,red,0,5,4,2026-08-04,724.76,,
ex11-63,Ditto,Delta Species,63,normal,60,81,triangulated,green,72,1,1,2026-08-02,70.28806388060735,59.1895,
ex11-63,Ditto,Delta Species,63,reverse_holo,492,665,triangulated,amber,4,5,4,2026-08-04,578.3955,243.81750000000002,
ex11-64,Ditto,Delta Species,64,normal,25,50,triangulated,conflict,61,3,3,2026-08-04,54.23226596852733,37.976,0.11
ex11-64,Ditto,Delta Species,64,reverse_holo,170,344,triangulated,red,0,3,3,2026-08-04,150.0,218.506,0.29
ex11-65,Dratini δ,Delta Species,65,normal,2.61,3.53,triangulated,green,44,23,20,2026-08-04,3.0664638649069746,2.656,
ex11-65,Dratini δ,Delta Species,65,reverse_holo,51,69,triangulated,amber,3,3,3,2026-08-04,60.015,57.18300000000001,
ex11-66,Dratini δ,Delta Species,66,normal,2.85,3.86,triangulated,green,30,6,6,2026-08-04,3.352287962912572,2.9570000000000003,
ex11-66,Dratini δ,Delta Species,66,reverse_holo,60,81,triangulated,amber,3,3,3,2026-08-04,70.235,42.986,
ex11-67,Drowzee,Delta Species,67,holo,39,79,triangulated,red,0,21,15,2026-08-04,78.98,49.99,20.65
ex11-67,Drowzee,Delta Species,67,normal,2.99,4.05,triangulated,green,39,3,3,2026-08-04,3.519197907440974,3.2840000000000003,
ex11-67,Drowzee,Delta Species,67,reverse_holo,56,76,triangulated,amber,3,3,2,2026-08-04,65.932,49.63850000000001,
ex11-68,Eevee δ,Delta Species,68,normal,5.47,8.55,triangulated,green,37,5,5,2026-08-06,8.22639681863697,6.989999999999999,
ex11-68,Eevee δ,Delta Species,68,reverse_holo,108,147,triangulated,amber,4,1,1,2026-08-02,127.5455,100.30749999999999,
ex11-69,Eevee,Delta Species,69,holo,70,141,triangulated,red,0,2,2,2026-08-06,37.885,89.44500000000001,
ex11-69,Eevee,Delta Species,69,normal,12,23,triangulated,green,42,2,2,2026-08-06,8.820740794594933,6.614,
ex11-69,Eevee,Delta Species,69,reverse_holo,69,139,triangulated,red,0,2,2,2026-08-06,66.34,88.3245,
ex11-7,Jolteon δ,Delta Species,7,holo,113,211,triangulated,green,25,3,2,2026-08-04,185.7204715456169,90.89399999999999,
ex11-7,Jolteon δ,Delta Species,7,reverse_holo,35,72,triangulated,amber,4,2,2,2026-08-04,278.52920807,179.15,
ex11-70,Holon's Magnemite,Delta Species,70,normal,1.44,1.95,triangulated,green,17,1,1,2026-08-04,1.697835715161909,1.9169999999999998,
ex11-70,Holon's Magnemite,Delta Species,70,reverse_holo,13,25,triangulated,conflict,3,5,3,2026-08-04,24.137,19.817999999999998,0.34
ex11-71,Holon's Voltorb,Delta Species,71,normal,0.47,0.63,triangulated,conflict,23,6,5,2026-08-04,0.5477056751018377,1.675,0.22
ex11-71,Holon's Voltorb,Delta Species,71,reverse_holo,6.02,12,triangulated,red,0,4,4,2026-08-04,19.23,23.979999999999997,
ex11-73,Larvitar δ,Delta Species,73,normal,1.85,2.5,triangulated,conflict,43,6,6,2026-08-04,2.1753833618206477,2.013,0.4
ex11-73,Larvitar δ,Delta Species,73,reverse_holo,47,63,triangulated,conflict,6,9,9,2026-08-04,55.0825,34.419,2.14
ex11-75,Makuhita,Delta Species,75,normal,2.76,5.57,triangulated,green,38,9,9,2026-08-04,0.9557256857611216,1.99,
ex11-75,Makuhita,Delta Species,75,reverse_holo,3.11,6.29,triangulated,amber,3,4,3,2026-08-04,18.413000000000004,10.169,
ex11-76,Marill,Delta Species,76,normal,1.1,1.48,triangulated,conflict,42,5,5,2026-08-04,1.2897315786471588,1.89,0.4
ex11-76,Marill,Delta Species,76,reverse_holo,18,37,triangulated,green,6,1,1,2026-08-04,13.75,13.402000000000001,
ex11-77,Meowth,Delta Species,77,normal,1.7,2.29,triangulated,green,71,6,5,2026-08-04,1.9951531497458654,1.99,
ex11-77,Meowth,Delta Species,77,reverse_holo,76,102,triangulated,amber,3,4,4,2026-08-04,88.99700000000001,72.388,
ex11-78,Ponyta,Delta Species,78,normal,0.44,0.6,triangulated,conflict,31,10,10,2026-08-04,0.5192389915934401,2.0180000000000002,0.26
ex11-78,Ponyta,Delta Species,78,reverse_holo,25,33,triangulated,green,5,3,2,2026-08-04,29.032,17.1745,
ex11-8,Latias δ,Delta Species,8,holo,106,143,triangulated,green,15,10,5,2026-08-11,124.74089249040324,75.706,
ex11-8,Latias δ,Delta Species,8,reverse_holo,243,329,triangulated,conflict,3,9,3,2026-08-04,285.933,102.475,2.2
ex11-81,Ralts,Delta Species,81,holo,16,32,triangulated,red,0,42,36,2026-08-11,25.23,20.0,13.42
ex11-81,Ralts,Delta Species,81,normal,1.25,1.69,triangulated,green,33,6,6,2026-08-04,1.4723233720380873,1.991,
ex11-81,Ralts,Delta Species,81,reverse_holo,5.27,11,triangulated,amber,3,7,4,2026-08-04,32.091,19.9285,
ex11-82,Sandshrew,Delta Species,82,normal,3.7,5.0,triangulated,green,58,6,6,2026-08-04,4.3494240469285135,3.4250000000000003,
ex11-82,Sandshrew,Delta Species,82,reverse_holo,12,25,triangulated,amber,3,1,1,2026-08-04,74.199,47.080000000000005,
ex11-83,Slowpoke,Delta Species,83,normal,2.67,3.62,triangulated,green,33,1,1,2026-08-04,3.1441269578305078,2.9615,
ex11-83,Slowpoke,Delta Species,83,reverse_holo,71,96,triangulated,amber,3,4,3,2026-08-04,83.138,51.726,
ex11-84,Staryu,Delta Species,84,normal,1.86,3.75,triangulated,green,12,2,2,2026-08-04,0.7630332285279172,1.9,
ex11-84,Staryu,Delta Species,84,reverse_holo,20,27,triangulated,amber,3,1,0,2026-08-04,23.691,14.797,
ex11-86,Taillow,Delta Species,86,normal,0.42,0.56,triangulated,conflict,35,6,6,2026-08-04,0.4889808564361431,2.29,0.25
ex11-86,Taillow,Delta Species,86,reverse_holo,19,26,triangulated,amber,3,6,6,2026-08-04,22.601,13.73,
ex11-87,Weedle,Delta Species,87,normal,0.51,0.69,triangulated,conflict,24,3,2,2026-08-04,0.5992484973117997,1.887,0.34
ex11-87,Weedle,Delta Species,87,reverse_holo,7.69,16,triangulated,red,0,5,5,2026-08-04,27.6,14.63,
ex11-88,Zubat,Delta Species,88,holo,12,25,triangulated,red,0,60,49,2026-08-11,1.05,15.99,
ex11-88,Zubat,Delta Species,88,normal,2.45,4.95,triangulated,green,47,11,9,2026-08-04,1.3573963033154577,1.99,
ex11-88,Zubat,Delta Species,88,reverse_holo,13,27,triangulated,green,7,5,5,2026-08-04,29.15,19.508,
ex11-9,Latios δ,Delta Species,9,holo,136,183,triangulated,green,22,7,5,2026-08-04,159.48177616938727,99.316,
ex11-9,Latios δ,Delta Species,9,reverse_holo,249,337,triangulated,amber,3,6,3,2026-08-04,293.24100000000004,151.41250000000002,
ex8-100,Hariyama ex,Deoxys,100,holo,69,93,triangulated,green,9,10,9,2026-08-04,80.76643065965975,60.774,
ex8-101,Manectric ex,Deoxys,101,holo,94,128,triangulated,green,7,12,7,2026-08-04,110.89324523422293,66.852,
ex8-103,Salamence ex,Deoxys,103,holo,289,391,triangulated,green,7,8,4,2026-08-04,340.3200786754749,217.39450000000002,
ex8-104,Sharpedo ex,Deoxys,104,holo,146,198,triangulated,green,11,8,8,2026-08-11,171.9408221345495,90.3135,
ex8-16,Deoxys,Deoxys,16,holo,39,52,triangulated,amber,4,11,6,2026-08-04,45.626000000000005,21.899,
ex8-16,Deoxys,Deoxys,16,normal,11,15,triangulated,conflict,39,4,4,2026-08-04,13.023424302180496,18.064999999999998,2.04
ex8-16,Deoxys,Deoxys,16,reverse_holo,73,148,triangulated,red,0,6,6,2026-08-04,204.98,121.03999999999999,
ex8-17,Deoxys,Deoxys,17,normal,10,14,triangulated,green,22,2,2,2026-08-04,12.337353016618113,9.714,
ex8-17,Deoxys,Deoxys,17,reverse_holo,147,198,triangulated,amber,3,4,2,2026-08-04,172.51171250000002,146.7755,
ex8-18,Deoxys,Deoxys,18,holo,6.45,13,triangulated,red,0,9,7,2026-08-04,12.49,,
ex8-18,Deoxys,Deoxys,18,normal,12,17,triangulated,green,21,3,2,2026-08-04,14.498391143578615,5.0969999999999995,
ex8-18,Deoxys,Deoxys,18,reverse_holo,158,214,triangulated,amber,3,3,2,2026-08-04,185.99,67.555,
ex8-19,Ludicolo,Deoxys,19,normal,0.71,0.97,triangulated,conflict,11,3,2,2026-08-04,0.8391765001805456,1.867,0.13
ex8-19,Ludicolo,Deoxys,19,reverse_holo,26,36,triangulated,amber,4,1,1,2026-08-04,30.894499999999997,19.667,
ex8-20,Magcargo,Deoxys,20,normal,2.21,2.99,triangulated,green,23,12,11,2026-08-11,2.5994590770609154,4.563000000000001,
ex8-20,Magcargo,Deoxys,20,reverse_holo,18,25,triangulated,amber,4,3,2,2026-08-04,21.605,19.872500000000002,
ex8-21,Pelipper,Deoxys,21,normal,5.64,7.63,triangulated,green,25,4,4,2026-08-04,6.638952642592357,5.367,
ex8-21,Pelipper,Deoxys,21,reverse_holo,40,82,triangulated,red,0,1,1,2026-08-04,97.0,32.064,
ex8-22,Rayquaza,Deoxys,22,holo,124,250,triangulated,amber,3,10,8,2026-08-04,81.378,47.5633586,
ex8-22,Rayquaza,Deoxys,22,normal,23,36,triangulated,green,40,16,12,2026-08-04,25.011622777190375,19.204,
ex8-22,Rayquaza,Deoxys,22,reverse_holo,353,714,triangulated,red,0,6,4,2026-08-04,500.0,425.977,2.14
ex8-23,Sableye,Deoxys,23,holo,34,69,triangulated,red,0,3,3,2026-08-04,79.97,,3.06
ex8-23,Sableye,Deoxys,23,normal,3.55,7.16,triangulated,green,42,1,1,2026-08-04,23.84317127857409,18.8025,
ex8-23,Sableye,Deoxys,23,reverse_holo,267,361,triangulated,conflict,3,3,3,2026-08-04,313.79,309.93,12.02
ex8-24,Seaking,Deoxys,24,normal,1.33,1.8,triangulated,conflict,13,10,9,2026-08-04,1.5678821534863951,0.92,0.49
ex8-24,Seaking,Deoxys,24,reverse_holo,7.92,16,triangulated,amber,4,2,1,2026-08-04,11.145,16.30355118,
ex8-27,Tropius,Deoxys,27,normal,1.36,1.84,triangulated,conflict,18,10,10,2026-08-04,1.5980659568089561,1.8815,0.41
ex8-27,Tropius,Deoxys,27,reverse_holo,13,26,triangulated,red,0,3,2,2026-08-04,35.09,20.984,
ex8-28,Whiscash,Deoxys,28,normal,1.1,1.48,triangulated,green,24,9,8,2026-08-11,1.289835797812039,2.588,
ex8-28,Whiscash,Deoxys,28,reverse_holo,11,22,triangulated,conflict,3,9,8,2026-08-11,20.983,24.042,15.9
ex8-29,Xatu,Deoxys,29,normal,7.31,9.89,triangulated,green,32,2,2,2026-08-04,8.597762149723986,4.42,
ex8-29,Xatu,Deoxys,29,reverse_holo,25,34,triangulated,amber,3,3,3,2026-08-04,29.305000000000003,40.272000000000006,
ex8-96,Crobat ex,Deoxys,96,holo,90,122,triangulated,green,10,4,4,2026-08-04,105.89763351881959,99.44200000000001,
ex8-97,Deoxys ex,Deoxys,97,holo,270,365,triangulated,conflict,4,4,1,2026-08-04,317.2626406835877,234.049,0.41
ex8-98,Deoxys ex,Deoxys,98,holo,188,254,triangulated,green,5,3,3,2026-08-04,220.69813557548272,215.99,
ex8-99,Deoxys ex,Deoxys,99,holo,156,211,triangulated,amber,4,7,6,2026-08-04,183.39022631633827,175.04700000000003,
ex3-1,Absol,Dragon,1,holo,105,142,triangulated,amber,3,2,1,2026-08-04,123.566,96.10000000000001,
ex3-1,Absol,Dragon,1,normal,14,28,triangulated,red,0,4,3,2026-08-04,5.21,4.74,0.06
ex3-1,Absol,Dragon,1,other,72,92,book,red,0,4,3,2026-08-04,6.89,3.0,0.08
ex3-1,Absol,Dragon,1,reverse_holo,18,37,triangulated,green,14,2,2,2026-08-04,122.06950269795563,95.842,
ex3-10,Salamence,Dragon,10,holo,100,156,triangulated,green,11,3,1,2026-08-04,100.0,142.2135,
ex3-10,Salamence,Dragon,10,normal,8.96,18,triangulated,red,0,3,1,2026-08-04,0.58,,0.01
ex3-10,Salamence,Dragon,10,other,60,65,book,red,0,3,1,2026-08-04,29.99,8.99,0.48
ex3-10,Salamence,Dragon,10,reverse_holo,12,24,triangulated,green,20,3,1,2026-08-04,92.94514524440102,40.873,
ex3-11,Shedinja,Dragon,11,holo,45,61,triangulated,green,22,4,4,2026-08-03,53.17214451583408,40.309,
ex3-11,Shedinja,Dragon,11,normal,13,27,triangulated,red,0,1,0,2026-07-28,0.53,,
ex3-11,Shedinja,Dragon,11,other,31,68,book,red,0,8,8,2026-08-04,20.0,3.0,0.4
ex3-11,Shedinja,Dragon,11,reverse_holo,40,54,triangulated,amber,4,2,2,2026-08-04,46.99550000000001,30.27,
ex3-12,Torkoal,Dragon,12,holo,20,41,triangulated,green,22,2,0,2026-08-04,54.46652473214094,39.903,
ex3-12,Torkoal,Dragon,12,normal,12,24,triangulated,red,0,3,0,2026-08-04,0.4,,0.01
ex3-12,Torkoal,Dragon,12,other,35,43,book,red,0,3,0,2026-08-04,4.5,5.5,0.12
ex3-12,Torkoal,Dragon,12,reverse_holo,26,35,triangulated,amber,3,3,0,2026-08-04,30.841,14.2175,
ex3-13,Crawdaunt,Dragon,13,normal,0.82,1.11,triangulated,conflict,19,10,10,2026-08-04,0.9611074364983639,1.8215,0.31
ex3-13,Crawdaunt,Dragon,13,other,0.87,0.96,book,red,0,24,24,2026-08-11,6.73,4.24,7.36
ex3-13,Crawdaunt,Dragon,13,reverse_holo,4.42,8.93,triangulated,red,0,4,4,2026-08-04,10.57,6.3950000000000005,
ex3-14,Dragonair,Dragon,14,holo,45,90,triangulated,red,0,10,9,2026-08-04,4.3,1.99,0.26
ex3-14,Dragonair,Dragon,14,normal,7.24,9.79,triangulated,green,64,3,3,2026-08-04,8.513196603061022,7.312,
ex3-14,Dragonair,Dragon,14,other,24,25,book,red,0,4,4,2026-08-01,4.25,,0.17
ex3-14,Dragonair,Dragon,14,reverse_holo,53,71,triangulated,amber,3,2,1,2026-08-04,61.845818650000005,42.51,
ex3-15,Flygon,Dragon,15,holo,19,38,triangulated,red,0,3,0,2026-08-04,53.305,22.486,0.33
ex3-15,Flygon,Dragon,15,normal,1.8,2.43,triangulated,green,56,5,5,2026-08-04,2.1150163862454763,2.3680000000000003,
ex3-15,Flygon,Dragon,15,other,1.49,1.6,book,red,0,13,13,2026-08-11,4.86,2.08,3.15
ex3-15,Flygon,Dragon,15,reverse_holo,29,39,triangulated,amber,3,3,3,2026-08-04,33.637,25.208000000000002,
ex3-16,Girafarig,Dragon,16,holo,74,150,triangulated,red,0,47,44,2026-08-11,10.0,4.02,4.52
ex3-16,Girafarig,Dragon,16,normal,1.35,1.83,triangulated,green,42,6,6,2026-08-04,1.5914148413259164,2.8120000000000003,
ex3-16,Girafarig,Dragon,16,other,1.22,1.46,book,red,0,12,12,2026-08-11,5.93,,4.43
ex3-16,Girafarig,Dragon,16,reverse_holo,15,20,triangulated,amber,3,1,1,2026-08-04,17.142,7.53,
ex3-17,Magneton,Dragon,17,normal,1.69,2.29,triangulated,conflict,32,8,7,2026-08-04,1.989855983044723,4.245,0.47
ex3-17,Magneton,Dragon,17,other,1.54,1.74,book,red,0,15,15,2026-08-11,4.57,3.98,2.79
ex3-17,Magneton,Dragon,17,reverse_holo,6.48,13,triangulated,red,0,2,1,2026-08-04,39.99,12.268,
ex3-18,Ninjask,Dragon,18,normal,1.05,1.42,triangulated,conflict,29,11,11,2026-08-04,1.2338676812782559,2.386,0.47
ex3-18,Ninjask,Dragon,18,other,0.98,1.0,book,red,0,12,12,2026-08-11,1.0,1.0,
ex3-18,Ninjask,Dragon,18,reverse_holo,5.54,11,triangulated,red,0,3,1,2026-08-04,19.82,14.269,
ex3-19,Salamence,Dragon,19,holo,33,67,triangulated,amber,3,4,1,2026-08-04,84.24579999999999,133.94,
ex3-19,Salamence,Dragon,19,normal,12,24,triangulated,conflict,53,15,9,2026-08-04,3.118238768321536,2.99,0.4
ex3-19,Salamence,Dragon,19,other,2.58,2.7,book,red,0,6,6,2026-08-11,5.0,75.32,
ex3-19,Salamence,Dragon,19,reverse_holo,50,102,triangulated,amber,3,5,3,2026-08-04,41.596000000000004,52.1665,
ex3-2,Altaria,Dragon,2,holo,41,67,triangulated,green,6,1,1,2026-08-04,66.85050000000001,49.321,
ex3-2,Altaria,Dragon,2,normal,3.88,7.84,triangulated,red,0,3,3,2026-08-11,1.0,,0.03
ex3-2,Altaria,Dragon,2,other,26,35,book,red,0,3,3,2026-08-11,9.42,8.66,0.31
ex3-2,Altaria,Dragon,2,reverse_holo,39,53,triangulated,green,34,2,2,2026-08-11,46.1311832348936,27.5035,
ex3-20,Shelgon,Dragon,20,normal,1.15,1.56,triangulated,green,26,7,6,2026-08-04,1.3566638964112863,2.318,
ex3-20,Shelgon,Dragon,20,other,1.34,1.39,book,red,0,15,15,2026-08-11,5.0,,3.66
ex3-20,Shelgon,Dragon,20,reverse_holo,15,20,triangulated,amber,4,7,6,2026-08-04,17.336000000000002,5.98,
ex3-22,Vibrava,Dragon,22,normal,1.06,1.44,triangulated,green,22,1,0,2026-07-26,1.2487591878778832,1.8559999999999999,
ex3-22,Vibrava,Dragon,22,other,1.07,1.31,book,red,0,9,9,2026-08-11,53.64,35.0,45.08
ex3-22,Vibrava,Dragon,22,reverse_holo,11,20,triangulated,conflict,5,14,10,2026-08-11,12.504999999999999,10.36,10.08
ex3-3,Crawdaunt,Dragon,3,holo,7.74,13,triangulated,green,57,12,7,2026-08-04,9.397952153826814,7.15,
ex3-3,Crawdaunt,Dragon,3,other,13,20,book,red,0,15,10,2026-08-04,5.82,3.87,0.35
ex3-3,Crawdaunt,Dragon,3,reverse_holo,9.48,19,triangulated,amber,3,3,3,2026-08-04,9.478,12.382,
ex3-4,Flygon,Dragon,4,holo,19,38,triangulated,green,13,2,2,2026-08-02,4.811,56.173,
ex3-4,Flygon,Dragon,4,other,41,56,book,red,0,4,3,2026-08-04,8.87,4.69,0.18
ex3-4,Flygon,Dragon,4,reverse_holo,41,55,triangulated,green,11,2,1,2026-08-04,48.00020387286657,48.911,
ex3-49,Bagon,Dragon,49,normal,1.01,2.03,triangulated,conflict,37,5,5,2026-08-04,0.3992287156965156,1.648,0.16
ex3-49,Bagon,Dragon,49,reverse_holo,6.8,14,triangulated,red,0,2,1,2026-08-02,8.63,9.834,
ex3-5,Golem,Dragon,5,holo,19,38,triangulated,green,25,4,4,2026-08-04,34.46506756322978,29.777,
ex3-5,Golem,Dragon,5,normal,19,38,triangulated,red,0,7,7,2026-08-04,0.45,,0.01
ex3-5,Golem,Dragon,5,other,22,50,book,red,0,7,7,2026-08-04,20.0,19.99,
ex3-5,Golem,Dragon,5,reverse_holo,20,41,triangulated,green,5,2,2,2026-08-04,20.305,17.971,
ex3-50,Bagon,Dragon,50,holo,7.28,15,triangulated,red,0,1,0,2026-07-29,5.0,,
ex3-50,Bagon,Dragon,50,normal,0.78,1.05,triangulated,conflict,22,6,2,2026-08-04,0.9137469919176902,1.99,0.31
ex3-50,Bagon,Dragon,50,reverse_holo,9.91,13,triangulated,amber,3,4,1,2026-08-04,11.65502015,7.621,
ex3-52,Corphish,Dragon,52,normal,0.32,0.43,triangulated,green,32,1,1,2026-08-02,0.37446968733523683,1.5939999999999999,
ex3-52,Corphish,Dragon,52,other,0.4,0.41,book,red,0,15,15,2026-08-11,82.4226611,,203.51
ex3-52,Corphish,Dragon,52,reverse_holo,10,14,triangulated,amber,3,3,1,2026-08-04,12.024000000000001,5.944500000000001,
ex3-55,Geodude,Dragon,55,holo,15,31,triangulated,red,0,27,25,2026-08-11,7.99,,5.19
ex3-55,Geodude,Dragon,55,normal,0.86,1.16,triangulated,green,35,1,1,2026-08-04,1.011630015809644,2.49,
ex3-55,Geodude,Dragon,55,other,0.95,1.1,book,red,0,12,12,2026-08-11,317.010235,,309.28
ex3-55,Geodude,Dragon,55,reverse_holo,9.92,13,triangulated,amber,4,2,2,2026-08-04,11.671,12.5,
ex3-56,Geodude,Dragon,56,holo,73,147,triangulated,red,0,41,38,2026-08-11,31.7010235,,34.46
ex3-56,Geodude,Dragon,56,normal,0.72,0.98,triangulated,green,26,1,1,2026-08-04,0.849043345207184,2.4,
ex3-56,Geodude,Dragon,56,reverse_holo,15,20,triangulated,conflict,3,41,38,2026-08-11,17.535999999999998,6.05,19.06
ex3-57,Grimer,Dragon,57,holo,17,35,triangulated,red,0,25,21,2026-08-11,15.15,,6.53
ex3-57,Grimer,Dragon,57,normal,1.79,2.43,triangulated,green,51,1,0,2026-08-04,2.111000787259668,2.8630000000000004,
ex3-57,Grimer,Dragon,57,reverse_holo,15,31,triangulated,amber,4,2,0,2026-08-04,39.005,29.49,
ex3-58,Horsea,Dragon,58,holo,11,23,triangulated,red,0,92,68,2026-08-11,63.33,,38.73
ex3-58,Horsea,Dragon,58,normal,0.47,0.64,triangulated,conflict,35,7,5,2026-08-04,0.55457666313618,1.87,0.21
ex3-58,Horsea,Dragon,58,reverse_holo,6.48,13,triangulated,red,0,5,4,2026-08-04,30.99,6.942,
ex3-6,Grumpig,Dragon,6,holo,8.61,17,triangulated,green,10,9,7,2026-08-11,17.5065,15.011,
ex3-6,Grumpig,Dragon,6,normal,1.52,3.08,triangulated,red,0,12,9,2026-08-11,0.2,0.9,0.01
ex3-6,Grumpig,Dragon,6,other,13,24,book,red,0,12,9,2026-08-11,3.89,,0.21
ex3-6,Grumpig,Dragon,6,reverse_holo,14,19,triangulated,green,26,3,2,2026-08-04,16.574522682075646,12.718,
ex3-60,Magikarp,Dragon,60,holo,9.85,20,triangulated,red,0,1,1,2026-08-04,95.1030705,,
ex3-60,Magikarp,Dragon,60,normal,4.83,6.83,triangulated,green,65,2,2,2026-08-04,4.87496601564242,4.442,
ex3-60,Magikarp,Dragon,60,reverse_holo,24,49,triangulated,conflict,5,3,2,2026-08-04,64.345,41.6945,2.07
ex3-61,Magnemite,Dragon,61,holo,14,28,triangulated,red,0,55,48,2026-08-11,28.53092115,,21.29
ex3-61,Magnemite,Dragon,61,normal,0.65,0.88,triangulated,conflict,46,6,4,2026-08-04,0.7681232266841229,2.303,0.26
ex3-61,Magnemite,Dragon,61,reverse_holo,30,41,triangulated,amber,3,2,1,2026-08-04,35.399,19.756,
ex3-65,Mudkip,Dragon,65,holo,7.74,16,triangulated,red,0,11,7,2026-08-04,19.0,,3.61
ex3-65,Mudkip,Dragon,65,normal,4.68,6.33,triangulated,green,68,1,1,2026-08-02,5.507368814216051,4.9195,
ex3-65,Mudkip,Dragon,65,reverse_holo,114,154,triangulated,green,9,1,0,2026-08-04,133.999,36.028000000000006,
ex3-68,Nincada,Dragon,68,normal,0.7,0.94,triangulated,green,19,1,0,2026-07-23,0.819275887636997,1.69,
ex3-68,Nincada,Dragon,68,reverse_holo,4.83,9.77,triangulated,red,0,3,2,2026-08-04,9.97,6.99,
ex3-7,Minun,Dragon,7,holo,68,106,triangulated,green,21,1,1,2026-08-04,92.38291993791243,66.069,
ex3-7,Minun,Dragon,7,normal,24,48,triangulated,red,0,7,5,2026-08-04,0.23,,0.0
ex3-7,Minun,Dragon,7,other,,,,red,0,7,5,2026-08-04,3.69,,0.03
ex3-7,Minun,Dragon,7,reverse_holo,27,55,triangulated,red,0,4,3,2026-08-04,59.82,58.001,0.42
ex3-70,Numel,Dragon,70,normal,0.66,0.89,triangulated,green,23,2,1,2026-08-02,0.7739766211667573,1.89,
ex3-70,Numel,Dragon,70,reverse_holo,5.74,12,triangulated,amber,4,1,0,2026-08-04,8.215,4.203,
ex3-72,Slugma,Dragon,72,normal,0.52,0.7,triangulated,conflict,46,6,6,2026-08-04,0.6109428762847369,1.99,0.22
ex3-72,Slugma,Dragon,72,reverse_holo,5.79,12,triangulated,amber,3,3,3,2026-08-04,14.852,11.213000000000001,
ex3-75,Swablu,Dragon,75,normal,1.58,2.14,triangulated,green,36,3,3,2026-08-04,1.856923299370427,1.696,
ex3-75,Swablu,Dragon,75,reverse_holo,5.99,11,triangulated,conflict,3,3,2,2026-08-04,7.946,6.824000000000001,0.38
ex3-77,Torchic,Dragon,77,normal,0.72,0.97,triangulated,green,23,2,2,2026-08-04,0.8415804460245746,1.99,
ex3-77,Torchic,Dragon,77,reverse_holo,5.33,11,triangulated,amber,4,3,1,2026-08-04,29.3065,19.020999999999997,
ex3-78,Trapinch,Dragon,78,normal,1.94,2.63,triangulated,green,66,7,3,2026-08-04,2.2874810086676822,2.69,
ex3-78,Trapinch,Dragon,78,reverse_holo,8.05,16,triangulated,red,0,38,25,2026-08-11,29.09,15.687,9.71
ex3-79,Trapinch,Dragon,79,normal,0.53,0.72,triangulated,green,18,1,0,2026-07-23,0.6254661374311965,2.115,
ex3-79,Trapinch,Dragon,79,reverse_holo,8.56,12,triangulated,conflict,4,21,19,2026-08-11,10.073,6.792000000000001,15.86
ex3-8,Plusle,Dragon,8,holo,27,54,triangulated,green,23,2,2,2026-08-11,83.13926355546963,76.73772328000001,
ex3-8,Plusle,Dragon,8,other,34,76,book,red,0,4,3,2026-08-11,13.48,3.94,0.24
ex3-8,Plusle,Dragon,8,reverse_holo,58,78,triangulated,amber,3,2,1,2026-08-04,67.961,39.347,
ex3-89,Ampharos ex,Dragon,89,holo,81,163,triangulated,amber,3,2,2,2026-08-04,212.84689943367513,138.5095,
ex3-90,Dragonite ex,Dragon,90,holo,504,682,triangulated,green,6,5,0,2026-08-04,592.7360740469148,385.1775,
ex3-91,Golem ex,Dragon,91,holo,72,97,triangulated,green,10,8,7,2026-08-11,84.26773136060534,51.267,
ex3-92,Kingdra ex,Dragon,92,holo,90,122,triangulated,green,11,2,2,2026-08-04,105.89133941206182,78.473,
ex3-93,Latias ex,Dragon,93,holo,220,298,triangulated,green,9,13,7,2026-08-04,259.08027806519846,265.937,
ex3-94,Latios ex,Dragon,94,holo,296,400,triangulated,green,22,8,4,2026-08-04,348.15350806628084,186.85450000000003,
ex3-95,Magcargo ex,Dragon,95,holo,64,95,triangulated,green,18,9,4,2026-08-11,68.62079433113122,43.847,
ex3-96,Muk ex,Dragon,96,holo,84,126,triangulated,green,19,7,1,2026-08-04,83.6085356905598,54.953500000000005,
ex3-97,Rayquaza ex,Dragon,97,holo,451,610,triangulated,green,17,12,1,2026-08-04,530.2899172940372,368.898,
ex15-1,Ampharos δ,Dragon Frontiers,1,holo,43,62,triangulated,green,15,8,7,2026-08-04,43.01369829139918,34.0185,
ex15-1,Ampharos δ,Dragon Frontiers,1,reverse_holo,143,193,triangulated,amber,3,1,1,2026-08-04,167.89000000000001,50.355000000000004,
ex15-10,Snorlax δ,Dragon Frontiers,10,holo,198,302,triangulated,green,6,8,8,2026-08-04,200.4414635993807,147.9,
ex15-10,Snorlax δ,Dragon Frontiers,10,reverse_holo,188,380,triangulated,red,0,2,2,2026-08-04,334.76,240.999,
ex15-100,Charizard ★ δ,Dragon Frontiers,100,holo,3907,7892,triangulated,red,0,10,7,2026-08-04,980.0,4000.0,
ex15-101,Mew ★ δ,Dragon Frontiers,101,holo,1886,2552,triangulated,amber,3,11,11,2026-08-04,2219.3072252860893,259.99,
ex15-101,Mew ★ δ,Dragon Frontiers,101,normal,21,43,triangulated,red,0,11,11,2026-08-04,1809.9950000000001,259.99,
ex15-11,Togetic δ,Dragon Frontiers,11,holo,16,31,triangulated,green,6,11,9,2026-08-04,20.785264692919462,18.369999999999997,
ex15-11,Togetic δ,Dragon Frontiers,11,reverse_holo,54,109,triangulated,red,0,7,6,2026-08-04,69.99,68.959,
ex15-12,Typhlosion δ,Dragon Frontiers,12,holo,44,82,triangulated,conflict,29,33,32,2026-08-04,73.73197162527973,41.70600000000001,2.09
ex15-12,Typhlosion δ,Dragon Frontiers,12,reverse_holo,32,64,triangulated,red,0,10,10,2026-08-04,90.17,89.005,
ex15-13,Arbok δ,Dragon Frontiers,13,normal,2.44,3.31,triangulated,green,27,4,4,2026-08-04,2.874677906539174,2.715,
ex15-13,Arbok δ,Dragon Frontiers,13,reverse_holo,36,72,triangulated,amber,4,1,1,2026-08-04,34.84,25.031,
ex15-14,Cloyster δ,Dragon Frontiers,14,holo,16,33,triangulated,red,0,24,20,2026-08-04,1.34,,
ex15-14,Cloyster δ,Dragon Frontiers,14,normal,1.03,1.39,triangulated,green,16,9,6,2026-08-04,1.21276827362926,2.1000000000000005,
ex15-14,Cloyster δ,Dragon Frontiers,14,reverse_holo,6.02,12,triangulated,red,0,2,2,2026-08-04,23.71,15.735000000000001,
ex15-15,Dewgong δ,Dragon Frontiers,15,holo,6.22,13,triangulated,red,0,18,16,2026-08-06,36.76,,9.39
ex15-15,Dewgong δ,Dragon Frontiers,15,normal,2.54,3.43,triangulated,green,21,2,2,2026-08-04,2.98345541842254,2.7439999999999998,
ex15-15,Dewgong δ,Dragon Frontiers,15,reverse_holo,37,50,triangulated,amber,3,4,4,2026-08-06,43.267,28.418999999999997,
ex15-16,Gligar δ,Dragon Frontiers,16,holo,13,27,triangulated,red,0,16,12,2026-08-04,31.13,16.99,8.29
ex15-16,Gligar δ,Dragon Frontiers,16,normal,2.07,2.79,triangulated,green,22,3,2,2026-08-04,2.4303256539374902,2.1290000000000004,
ex15-16,Gligar δ,Dragon Frontiers,16,reverse_holo,18,24,triangulated,amber,3,5,5,2026-08-04,21.104,18.473,
ex15-17,Jynx δ,Dragon Frontiers,17,normal,4.01,8.1,triangulated,green,17,11,8,2026-08-06,2.693816286389683,2.49,
ex15-17,Jynx δ,Dragon Frontiers,17,reverse_holo,22,30,triangulated,green,5,2,2,2026-08-06,25.807,16.3115,
ex15-18,Ledian δ,Dragon Frontiers,18,normal,2.06,2.79,triangulated,green,16,2,2,2026-08-04,2.4273992328028537,1.992,
ex15-18,Ledian δ,Dragon Frontiers,18,reverse_holo,19,26,triangulated,amber,4,3,3,2026-08-04,22.451999999999998,12.883000000000001,
ex15-19,Lickitung δ,Dragon Frontiers,19,normal,2.16,2.92,triangulated,green,21,3,3,2026-08-04,2.537031444566321,1.938,
ex15-19,Lickitung δ,Dragon Frontiers,19,reverse_holo,30,60,triangulated,red,0,5,5,2026-08-04,38.15,37.9435,
ex15-2,Feraligatr δ,Dragon Frontiers,2,holo,27,55,triangulated,green,27,34,31,2026-08-04,69.36608703870417,39.333,
ex15-2,Feraligatr δ,Dragon Frontiers,2,reverse_holo,79,115,triangulated,amber,4,22,21,2026-08-04,114.515,61.031000000000006,
ex15-20,Mantine δ,Dragon Frontiers,20,normal,1.69,2.29,triangulated,green,13,2,2,2026-08-04,1.9909978387126492,1.9569999999999999,
ex15-20,Mantine δ,Dragon Frontiers,20,reverse_holo,28,38,triangulated,amber,4,8,4,2026-08-04,33.094500000000004,19.741,
ex15-21,Quagsire δ,Dragon Frontiers,21,normal,11,15,triangulated,green,33,6,5,2026-08-04,12.9376493382874,10.6035,
ex15-21,Quagsire δ,Dragon Frontiers,21,reverse_holo,60,81,triangulated,amber,4,2,2,2026-08-04,70.867,40.331814660000006,
ex15-22,Seadra δ,Dragon Frontiers,22,normal,1.54,2.08,triangulated,green,38,5,5,2026-08-04,1.8117679180615156,1.9,
ex15-22,Seadra δ,Dragon Frontiers,22,reverse_holo,19,26,triangulated,amber,3,4,4,2026-08-04,22.505000000000003,15.433,
ex15-23,Tropius δ,Dragon Frontiers,23,normal,2.44,3.31,triangulated,green,17,1,1,2026-08-04,2.874574471059806,2.2215000000000003,
ex15-23,Tropius δ,Dragon Frontiers,23,reverse_holo,16,32,triangulated,red,0,2,2,2026-08-04,26.04,20.255,
ex15-24,Vibrava δ,Dragon Frontiers,24,normal,1.4,1.89,triangulated,green,27,6,6,2026-08-04,1.6468886902528572,2.6195000000000004,
ex15-24,Vibrava δ,Dragon Frontiers,24,reverse_holo,4.41,8.91,triangulated,red,0,4,4,2026-08-04,31.72,19.418,
ex15-25,Xatu δ,Dragon Frontiers,25,normal,1.94,2.62,triangulated,conflict,19,18,15,2026-08-04,2.278672411699716,2.383,0.45
ex15-25,Xatu δ,Dragon Frontiers,25,reverse_holo,11,17,triangulated,amber,3,5,4,2026-08-04,16.494,13.911,
ex15-26,Bayleef δ,Dragon Frontiers,26,normal,1.62,2.2,triangulated,green,20,1,1,2026-08-04,1.9100123840126317,2.3400000000000003,
ex15-26,Bayleef δ,Dragon Frontiers,26,reverse_holo,19,39,triangulated,red,0,4,4,2026-08-04,32.31,24.524,
ex15-27,Croconaw δ,Dragon Frontiers,27,normal,6.5,8.79,triangulated,green,38,5,5,2026-08-04,7.646080788151492,4.856,
ex15-27,Croconaw δ,Dragon Frontiers,27,reverse_holo,74,101,triangulated,amber,3,2,2,2026-08-04,87.548,45.832,
ex15-28,Dragonair δ,Dragon Frontiers,28,normal,6.73,9.11,triangulated,green,25,11,8,2026-08-04,7.918690483666811,5.0545,
ex15-28,Dragonair δ,Dragon Frontiers,28,reverse_holo,41,69,triangulated,amber,3,5,5,2026-08-04,50.554983840000006,39.06092754000001,
ex15-29,Electabuzz δ,Dragon Frontiers,29,normal,1.62,2.19,triangulated,green,12,1,1,2026-08-04,1.9046376717591202,2.339,
ex15-29,Electabuzz δ,Dragon Frontiers,29,reverse_holo,27,37,triangulated,amber,3,1,1,2026-08-06,31.831000000000003,25.33,
ex15-3,Heracross δ,Dragon Frontiers,3,holo,21,43,triangulated,green,18,8,7,2026-08-04,42.71025367777464,21.114,
ex15-3,Heracross δ,Dragon Frontiers,3,reverse_holo,27,54,triangulated,amber,3,7,6,2026-08-04,66.971,54.80250000000001,
ex15-30,Flaaffy δ,Dragon Frontiers,30,normal,7.97,11,triangulated,green,27,3,3,2026-08-04,9.370945271020252,5.354,
ex15-30,Flaaffy δ,Dragon Frontiers,30,reverse_holo,29,39,triangulated,amber,3,3,3,2026-08-04,34.18300000000001,18.315,
ex15-31,Horsea δ,Dragon Frontiers,31,normal,0.87,1.18,triangulated,green,26,8,5,2026-08-04,1.029357836771828,2.279,
ex15-31,Horsea δ,Dragon Frontiers,31,reverse_holo,23,47,triangulated,red,0,2,2,2026-08-04,34.0,18.143,
ex15-32,Kirlia,Dragon Frontiers,32,normal,0.84,1.14,triangulated,conflict,15,4,4,2026-08-04,0.9924642965532577,2.0,0.42
ex15-32,Kirlia,Dragon Frontiers,32,reverse_holo,17,23,triangulated,amber,3,7,4,2026-08-04,19.733,14.545499999999999,
ex15-34,Nidorina δ,Dragon Frontiers,34,normal,3.08,4.17,triangulated,green,30,13,11,2026-08-04,3.624246841706036,2.688,
ex15-34,Nidorina δ,Dragon Frontiers,34,reverse_holo,31,41,triangulated,amber,3,5,5,2026-08-04,36.07,20.91,
ex15-35,Nidorino δ,Dragon Frontiers,35,normal,1.0,1.35,triangulated,conflict,17,18,16,2026-08-04,1.1770153397065397,2.3375000000000004,0.31
ex15-35,Nidorino δ,Dragon Frontiers,35,reverse_holo,10,21,triangulated,red,0,2,2,2026-08-04,24.19,13.363,
ex15-36,Quilava δ,Dragon Frontiers,36,normal,2.5,3.39,triangulated,green,33,11,7,2026-08-04,2.946971035231582,2.18225479,
ex15-36,Quilava δ,Dragon Frontiers,36,reverse_holo,45,60,triangulated,amber,3,2,2,2026-08-04,52.48740782000001,34.869,
ex15-38,Shelgon δ,Dragon Frontiers,38,normal,2.07,2.8,triangulated,green,18,1,1,2026-08-04,2.437616100504613,1.995,
ex15-38,Shelgon δ,Dragon Frontiers,38,reverse_holo,14,28,triangulated,red,0,6,6,2026-08-04,24.75,17.802000000000003,
ex15-39,Smeargle δ,Dragon Frontiers,39,normal,1.61,2.17,triangulated,green,12,1,1,2026-08-04,1.889710487792256,2.31,
ex15-39,Smeargle δ,Dragon Frontiers,39,reverse_holo,10,21,triangulated,amber,3,2,2,2026-08-04,29.011009519999995,22.528,
ex15-4,Meganium δ,Dragon Frontiers,4,holo,60,106,triangulated,green,19,20,18,2026-08-04,59.62682915293958,28.225,
ex15-4,Meganium δ,Dragon Frontiers,4,reverse_holo,28,56,triangulated,red,0,9,9,2026-08-04,99.95,35.401,
ex15-40,Swellow δ,Dragon Frontiers,40,normal,1.65,2.23,triangulated,green,18,1,1,2026-08-04,1.9359477970188925,2.4850000000000003,
ex15-40,Swellow δ,Dragon Frontiers,40,reverse_holo,13,26,triangulated,conflict,3,16,13,2026-08-04,29.94102,20.024,8.01
ex15-41,Togepi δ,Dragon Frontiers,41,normal,4.93,6.66,triangulated,green,24,1,1,2026-08-04,5.795539436502889,4.915000000000001,
ex15-41,Togepi δ,Dragon Frontiers,41,reverse_holo,56,76,triangulated,amber,4,5,5,2026-08-04,66.199,38.968,
ex15-43,Bagon δ,Dragon Frontiers,43,normal,0.56,0.76,triangulated,conflict,20,5,5,2026-08-04,0.663484152747809,2.81,0.22
ex15-43,Bagon δ,Dragon Frontiers,43,reverse_holo,19,38,triangulated,amber,3,8,8,2026-08-04,16.66,12.251000000000001,
ex15-44,Chikorita δ,Dragon Frontiers,44,normal,5.53,7.48,triangulated,green,46,6,5,2026-08-04,6.502296979379672,4.1610000000000005,
ex15-44,Chikorita δ,Dragon Frontiers,44,reverse_holo,30,61,triangulated,red,0,4,4,2026-08-04,38.97,38.725,
ex15-45,Cyndaquil δ,Dragon Frontiers,45,normal,1.72,2.33,triangulated,green,54,9,9,2026-08-04,2.026863184649902,1.9620000000000002,
ex15-45,Cyndaquil δ,Dragon Frontiers,45,reverse_holo,34,46,triangulated,green,6,5,5,2026-08-04,39.765,23.373395055000003,
ex15-46,Dratini δ,Dragon Frontiers,46,normal,3.03,4.1,triangulated,green,32,16,6,2026-08-04,3.562993325999824,2.9810000000000003,
ex15-46,Dratini δ,Dragon Frontiers,46,reverse_holo,27,55,triangulated,conflict,7,3,3,2026-08-04,60.662,42.78592999999999,2.43
ex15-47,Ekans δ,Dragon Frontiers,47,normal,1.24,1.68,triangulated,green,43,6,6,2026-08-04,1.459574825858095,2.495,
ex15-47,Ekans δ,Dragon Frontiers,47,reverse_holo,13,26,triangulated,red,0,11,10,2026-08-04,27.99,16.6045,
ex15-48,Elekid δ,Dragon Frontiers,48,normal,0.8,1.08,triangulated,green,22,9,7,2026-08-04,0.9416435636623881,0.65,
ex15-48,Elekid δ,Dragon Frontiers,48,reverse_holo,6.98,14,triangulated,red,0,8,7,2026-08-04,22.43,14.37,
ex15-49,Feebas δ,Dragon Frontiers,49,normal,0.69,0.94,triangulated,conflict,27,11,8,2026-08-04,0.8150030262086955,1.873,0.41
ex15-49,Feebas δ,Dragon Frontiers,49,reverse_holo,35,47,triangulated,amber,3,6,6,2026-08-04,41.009,20.216500000000003,
ex15-5,Milotic δ,Dragon Frontiers,5,holo,87,167,triangulated,green,31,14,14,2026-08-04,87.18574916648598,45.20550000000001,
ex15-5,Milotic δ,Dragon Frontiers,5,reverse_holo,114,201,triangulated,amber,3,8,8,2026-08-04,114.0,81.637,
ex15-51,Larvitar,Dragon Frontiers,51,holo,6.41,13,triangulated,red,0,49,38,2026-08-11,0.84,,0.38
ex15-51,Larvitar,Dragon Frontiers,51,normal,0.55,0.74,triangulated,conflict,25,6,6,2026-08-04,0.6427535499306152,1.995,0.29
ex15-51,Larvitar,Dragon Frontiers,51,reverse_holo,21,28,triangulated,amber,3,3,3,2026-08-04,24.588,15.814,
ex15-52,Larvitar δ,Dragon Frontiers,52,normal,3.23,6.52,triangulated,conflict,33,7,7,2026-08-04,0.6388911282008551,1.99,0.43
ex15-52,Larvitar δ,Dragon Frontiers,52,reverse_holo,20,40,triangulated,red,0,5,4,2026-08-04,29.91,25.346999999999998,
ex15-53,Ledyba δ,Dragon Frontiers,53,holo,1.53,3.08,triangulated,red,0,1,1,2026-08-04,10.96,,
ex15-53,Ledyba δ,Dragon Frontiers,53,normal,1.01,1.36,triangulated,green,34,4,4,2026-08-04,1.1854576143863382,1.99,
ex15-53,Ledyba δ,Dragon Frontiers,53,reverse_holo,12,16,triangulated,green,7,13,9,2026-08-04,13.651,9.793,
ex15-54,Mareep δ,Dragon Frontiers,54,normal,1.54,2.08,triangulated,green,36,2,2,2026-08-04,1.81072133436295,2.439,
ex15-54,Mareep δ,Dragon Frontiers,54,reverse_holo,21,41,triangulated,amber,3,8,6,2026-08-04,21.488,15.221,
ex15-55,Natu δ,Dragon Frontiers,55,holo,3.9,7.88,triangulated,red,0,42,35,2026-08-04,10.59,5.0,3.99
ex15-55,Natu δ,Dragon Frontiers,55,normal,1.05,1.42,triangulated,green,23,1,1,2026-08-04,1.2342059302178257,1.8299999999999998,
ex15-55,Natu δ,Dragon Frontiers,55,reverse_holo,12,17,triangulated,amber,3,13,13,2026-08-04,14.549999999999999,9.063,
ex15-56,Nidoran ♀ δ,Dragon Frontiers,56,holo,9.36,19,triangulated,red,0,26,25,2026-08-04,13.46,12.0,6.65
ex15-56,Nidoran ♀ δ,Dragon Frontiers,56,normal,0.51,0.68,triangulated,green,20,1,1,2026-08-04,0.5947901776060492,1.97,
ex15-56,Nidoran ♀ δ,Dragon Frontiers,56,reverse_holo,15,20,triangulated,amber,4,2,2,2026-08-04,17.087,9.580500000000002,
ex15-57,Nidoran ♂ δ,Dragon Frontiers,57,normal,0.89,1.21,triangulated,green,21,2,2,2026-08-04,1.0486359098881533,2.48,
ex15-57,Nidoran ♂ δ,Dragon Frontiers,57,reverse_holo,17,23,triangulated,green,5,7,6,2026-08-04,20.167,19.256999999999998,
ex15-58,Pupitar,Dragon Frontiers,58,normal,0.31,0.43,triangulated,conflict,24,10,10,2026-08-04,0.3695879061995491,1.817,0.13
ex15-58,Pupitar,Dragon Frontiers,58,reverse_holo,11,15,triangulated,amber,3,7,5,2026-08-04,12.679,18.814,
ex15-59,Pupitar δ,Dragon Frontiers,59,normal,0.33,0.45,triangulated,conflict,23,4,3,2026-08-04,0.3912953891809661,1.745,0.2
ex15-59,Pupitar δ,Dragon Frontiers,59,reverse_holo,24,29,triangulated,amber,3,4,3,2026-08-04,25.275,10.984,
ex15-6,Nidoking δ,Dragon Frontiers,6,holo,21,43,triangulated,green,29,11,11,2026-08-04,59.05805964813758,25.537,
ex15-6,Nidoking δ,Dragon Frontiers,6,reverse_holo,12,25,triangulated,amber,3,2,2,2026-08-04,69.817,49.798,
ex15-60,Ralts,Dragon Frontiers,60,normal,0.54,0.73,triangulated,conflict,19,7,4,2026-08-04,0.6356684557754616,2.145,0.32
ex15-60,Ralts,Dragon Frontiers,60,reverse_holo,17,24,triangulated,amber,3,2,2,2026-08-04,20.475,17.675,
ex15-62,Seel δ,Dragon Frontiers,62,normal,0.58,0.79,triangulated,green,19,2,2,2026-08-04,0.6840645135007846,1.995,
ex15-62,Seel δ,Dragon Frontiers,62,reverse_holo,14,19,triangulated,amber,4,6,6,2026-08-04,16.371,10.118,
ex15-63,Shellder δ,Dragon Frontiers,63,normal,0.64,0.86,triangulated,green,37,2,2,2026-08-04,0.7519645147375474,1.99,
ex15-63,Shellder δ,Dragon Frontiers,63,reverse_holo,15,20,triangulated,amber,3,6,6,2026-08-04,17.58,11.7345,
ex15-64,Smoochum δ,Dragon Frontiers,64,normal,0.8,1.08,triangulated,conflict,29,7,7,2026-08-04,0.9356512001197923,1.99,0.5
ex15-64,Smoochum δ,Dragon Frontiers,64,reverse_holo,14,19,triangulated,amber,3,14,11,2026-08-04,16.535,8.675,
ex15-65,Swablu δ,Dragon Frontiers,65,holo,11,21,triangulated,red,0,2,2,2026-08-04,14.0,13.5,
ex15-65,Swablu δ,Dragon Frontiers,65,normal,0.96,1.3,triangulated,green,26,2,2,2026-08-04,1.1263476925504219,2.22,
ex15-65,Swablu δ,Dragon Frontiers,65,reverse_holo,5.1,10,triangulated,amber,4,6,3,2026-08-04,10.680461205,8.47551527,
ex15-66,Taillow δ,Dragon Frontiers,66,normal,0.4,0.55,triangulated,conflict,26,5,5,2026-08-04,0.47570584963666285,2.012,0.26
ex15-66,Taillow δ,Dragon Frontiers,66,reverse_holo,7.64,13,triangulated,green,5,4,3,2026-08-04,12.914000000000001,5.049,
ex15-67,Totodile δ,Dragon Frontiers,67,normal,5.51,11,triangulated,green,52,16,16,2026-08-04,3.859206562893511,2.846,
ex15-67,Totodile δ,Dragon Frontiers,67,reverse_holo,43,59,triangulated,amber,3,8,7,2026-08-04,50.961,42.222,
ex15-68,Trapinch δ,Dragon Frontiers,68,normal,0.32,0.44,triangulated,conflict,28,10,8,2026-08-04,0.3811662695040843,1.745,0.22
ex15-68,Trapinch δ,Dragon Frontiers,68,reverse_holo,4.44,8.98,triangulated,red,0,10,4,2026-08-04,15.16,11.891,
ex15-69,Trapinch δ,Dragon Frontiers,69,normal,0.9,1.21,triangulated,green,35,6,4,2026-08-04,1.053152717327274,2.385,
ex15-69,Trapinch δ,Dragon Frontiers,69,reverse_holo,21,42,triangulated,red,0,2,2,2026-08-04,22.95,19.503,
ex15-7,Nidoqueen δ,Dragon Frontiers,7,holo,30,61,triangulated,green,18,15,12,2026-08-04,29.15559124700425,16.534,
ex15-7,Nidoqueen δ,Dragon Frontiers,7,reverse_holo,16,32,triangulated,red,0,3,3,2026-08-04,52.48,20.497,
ex15-70,Vulpix δ,Dragon Frontiers,70,normal,2.38,3.22,triangulated,green,49,4,4,2026-08-04,2.802984329744314,2.849,
ex15-70,Vulpix δ,Dragon Frontiers,70,reverse_holo,19,26,triangulated,amber,4,6,5,2026-08-04,22.428929595,22.65,
ex15-71,Wooper δ,Dragon Frontiers,71,normal,10,21,triangulated,green,52,6,3,2026-08-04,8.273068508475426,6.579000000000001,
ex15-71,Wooper δ,Dragon Frontiers,71,reverse_holo,17,34,triangulated,green,6,2,2,2026-08-04,60.519000000000005,58.903999999999996,
ex15-8,Ninetales δ,Dragon Frontiers,8,holo,152,280,triangulated,green,26,15,14,2026-08-04,151.5613253385609,82.337,
ex15-8,Ninetales δ,Dragon Frontiers,8,reverse_holo,47,96,triangulated,red,0,5,5,2026-08-04,290.36,192.421,2.62
ex15-83,Switch,Dragon Frontiers,83,normal,0.4,0.55,triangulated,conflict,10,3,2,2026-08-04,0.4751465565126808,0.48,0.21
ex15-83,Switch,Dragon Frontiers,83,reverse_holo,4.66,6.31,triangulated,amber,4,6,5,2026-08-04,5.485,3.96,
ex15-9,Pinsir δ,Dragon Frontiers,9,holo,27,45,triangulated,green,24,12,11,2026-08-04,27.583055267657418,14.084,
ex15-9,Pinsir δ,Dragon Frontiers,9,reverse_holo,29,54,triangulated,amber,4,11,11,2026-08-04,29.277499999999996,17.7275,
ex15-90,Altaria ex δ,Dragon Frontiers,90,holo,44,88,triangulated,green,10,4,4,2026-08-04,99.9062935833856,74.9,
ex15-91,Dragonite ex δ,Dragon Frontiers,91,holo,85,171,triangulated,green,8,10,9,2026-08-04,360.6193046035061,226.95600000000002,
ex15-92,Flygon ex δ,Dragon Frontiers,92,holo,118,160,triangulated,green,5,3,3,2026-08-04,138.77557325219357,113.44749999999999,
ex15-93,Gardevoir ex δ,Dragon Frontiers,93,holo,147,172,triangulated,amber,4,12,8,2026-08-04,159.50828043908865,175.77,
ex15-94,Kingdra ex δ,Dragon Frontiers,94,holo,87,118,triangulated,green,5,4,4,2026-08-04,102.71787996876826,69.264,
ex15-95,Latias ex δ,Dragon Frontiers,95,holo,34,69,triangulated,amber,2,6,6,2026-08-04,120.57056633829589,192.096,
ex15-96,Latios ex δ,Dragon Frontiers,96,holo,298,403,triangulated,amber,4,8,8,2026-08-04,350.27407700795857,136.237,
ex15-97,Rayquaza ex δ,Dragon Frontiers,97,holo,97,196,triangulated,amber,1,3,3,2026-08-04,634.0,159.519,
ex15-98,Salamence ex δ,Dragon Frontiers,98,holo,41,84,triangulated,amber,2,6,6,2026-08-04,259.5020951183918,192.21200000000002,
ex15-99,Tyranitar ex δ,Dragon Frontiers,99,holo,145,197,triangulated,green,7,15,15,2026-08-04,171.16510594153962,142.5,
bw6-22,Ho-Oh-EX,Dragons Exalted,22,holo,5.82,8.41,triangulated,green,45,2,2,2026-08-02,5.818867730498551,6.1785,
bw6-46,Mew-EX,Dragons Exalted,46,holo,63,87,triangulated,green,33,1,1,2026-08-04,79.33134945230316,59.511,
bw6-81,Registeel-EX,Dragons Exalted,81,holo,11,15,triangulated,green,12,0,0,,12.178706767818513,10.725000000000001,
bw6-85,Rayquaza-EX,Dragons Exalted,85,holo,28,44,triangulated,green,198,0,0,,29.594848189093657,14.996500000000001,
ex9-100,Registeel ex,Emerald,100,holo,137,277,triangulated,green,6,8,7,2026-08-11,136.6674094112421,125.49000000000001,
ex9-12,Chimecho,Emerald,12,normal,1.61,2.18,triangulated,green,15,5,5,2026-08-04,1.8915115832708052,2.9305000000000003,
ex9-12,Chimecho,Emerald,12,reverse_holo,32,44,triangulated,amber,3,1,0,2026-08-04,38.145,20.73647,
ex9-13,Glalie,Emerald,13,normal,0.97,1.31,triangulated,green,17,7,5,2026-08-04,1.1407315111536105,0.79,
ex9-13,Glalie,Emerald,13,reverse_holo,21,28,triangulated,amber,3,2,2,2026-08-04,24.347,25.89,
ex9-14,Groudon,Emerald,14,normal,12,16,triangulated,green,15,1,1,2026-08-04,13.554816474553117,6.994000000000001,
ex9-14,Groudon,Emerald,14,reverse_holo,107,216,triangulated,red,0,1,0,2026-07-20,279.99,154.143,
ex9-15,Kyogre,Emerald,15,normal,11,14,triangulated,green,17,4,3,2026-08-04,12.540813937020303,5.9275,
ex9-15,Kyogre,Emerald,15,reverse_holo,71,143,triangulated,red,0,1,0,2026-08-04,175.0,184.723,
ex9-16,Manectric,Emerald,16,normal,2.02,2.73,triangulated,conflict,14,3,3,2026-08-04,2.37578503291421,2.99,0.41
ex9-16,Manectric,Emerald,16,reverse_holo,20,40,triangulated,red,0,1,1,2026-08-04,29.08,31.85,
ex9-17,Nosepass,Emerald,17,normal,1.3,1.75,triangulated,green,8,16,12,2026-08-11,1.5260674542757944,1.8639999999999999,
ex9-17,Nosepass,Emerald,17,reverse_holo,16,22,triangulated,conflict,3,16,12,2026-08-11,19.199,25.464000000000002,13.66
ex9-18,Relicanth,Emerald,18,normal,2.05,2.77,triangulated,green,20,14,13,2026-08-11,2.4109272172838727,2.398,
ex9-18,Relicanth,Emerald,18,reverse_holo,49,67,triangulated,amber,3,2,1,2026-08-04,57.99,24.409000000000002,
ex9-19,Rhydon,Emerald,19,normal,1.47,1.99,triangulated,green,12,1,1,2026-08-04,1.7305826585304878,1.32,
ex9-19,Rhydon,Emerald,19,reverse_holo,79,107,triangulated,amber,4,1,0,2026-08-04,93.32869636,52.886,
ex9-20,Seviper,Emerald,20,normal,1.85,2.5,triangulated,green,10,1,0,2026-08-04,2.17608795313478,3.9870000000000005,
ex9-20,Seviper,Emerald,20,reverse_holo,20,40,triangulated,red,0,20,16,2026-08-11,23.0,32.453,5.57
ex9-21,Zangoose,Emerald,21,normal,3.77,5.11,triangulated,green,23,9,8,2026-08-04,4.4394879532239,3.0700000000000003,
ex9-21,Zangoose,Emerald,21,reverse_holo,65,88,triangulated,conflict,3,32,29,2026-08-11,76.579,67.368,17.5
ex9-86,Darkness Energy,Emerald,86,holo,80,108,triangulated,conflict,3,9,9,2026-08-11,94.3231,0.49,49.25
ex9-86,Darkness Energy,Emerald,86,normal,1.59,2.15,triangulated,green,11,1,1,2026-08-02,1.8677952197072685,7.831000000000001,
ex9-86,Darkness Energy,Emerald,86,other,1.48,2.08,book,red,0,6,6,2026-08-11,2092.267551,,1175.43
ex9-86,Darkness Energy,Emerald,86,reverse_holo,6.51,13,triangulated,red,0,1,1,2026-08-04,34.99,19.46,
ex9-87,Double Rainbow Energy,Emerald,87,normal,6.97,9.43,triangulated,amber,3,8,8,2026-08-04,8.196334360631752,7.807,
ex9-87,Double Rainbow Energy,Emerald,87,other,8.58,8.91,book,red,0,6,6,2026-08-03,114.1236846,,13.05
ex9-87,Double Rainbow Energy,Emerald,87,reverse_holo,5.58,11,triangulated,red,0,1,1,2026-08-04,28.07,28.07,
ex9-90,Altaria ex,Emerald,90,holo,106,143,triangulated,amber,4,1,1,2026-08-11,124.44879400443318,131.9925,
ex9-90,Altaria ex,Emerald,90,other,243,243,book_thin,red,0,1,1,2026-08-03,15.0,,
ex9-91,Cacturne ex,Emerald,91,holo,138,186,triangulated,green,6,5,3,2026-08-11,161.7985896857309,106.2855,
ex9-91,Cacturne ex,Emerald,91,other,201,250,book,red,0,5,3,2026-08-11,48.99,,0.22
ex9-92,Camerupt ex,Emerald,92,holo,66,89,triangulated,amber,4,5,3,2026-08-11,77.2619830504959,75.0,
ex9-93,Deoxys ex,Emerald,93,holo,133,180,triangulated,conflict,5,6,2,2026-08-04,156.25732111245475,239.032,0.28
ex9-95,Medicham ex,Emerald,95,holo,93,126,triangulated,green,6,10,3,2026-08-04,109.91354822684795,101.85600000000001,
ex9-96,Milotic ex,Emerald,96,holo,37,74,triangulated,amber,1,11,3,2026-08-04,439.4910000000001,344.819,
ex9-97,Raichu ex,Emerald,97,holo,151,204,triangulated,amber,4,5,5,2026-08-04,177.3696790084353,130.0,
ex9-98,Regice ex,Emerald,98,holo,77,156,triangulated,green,5,2,2,2026-08-04,197.52201264226332,165.063,
dp4-1,Blaziken,Great Encounters,1,holo,17,23,triangulated,green,10,16,11,2026-08-04,23.246629113565913,17.735999999999997,
dp4-1,Blaziken,Great Encounters,1,reverse_holo,81,164,triangulated,red,0,2,2,2026-08-04,38.29,29.67,
dp4-10,Tangrowth,Great Encounters,10,holo,3.26,6.59,triangulated,green,20,21,18,2026-08-11,5.608211665605015,5.752000000000001,
dp4-10,Tangrowth,Great Encounters,10,reverse_holo,1.98,4.0,triangulated,red,0,13,10,2026-08-11,4.9,3.64,
dp4-11,Togekiss,Great Encounters,11,holo,5.29,11,triangulated,green,13,16,12,2026-08-04,22.560189019389647,11.953,
dp4-11,Togekiss,Great Encounters,11,reverse_holo,13,27,triangulated,red,0,3,3,2026-08-04,29.31,12.645000000000001,
dp4-12,Altaria,Great Encounters,12,normal,3.06,4.14,triangulated,green,7,4,4,2026-08-04,3.602636713163048,7.816000000000001,
dp4-12,Altaria,Great Encounters,12,reverse_holo,2.08,4.21,triangulated,red,0,7,7,2026-08-04,16.0,7.46,
dp4-14,Butterfree,Great Encounters,14,normal,5.35,7.24,triangulated,conflict,8,5,3,2026-08-06,6.297532430038638,4.491,3.73
dp4-14,Butterfree,Great Encounters,14,reverse_holo,10,20,triangulated,red,0,1,1,2026-08-04,9.61,9.7,
dp4-16,Dialga,Great Encounters,16,holo,11,22,triangulated,red,0,10,9,2026-08-04,24.09,10.514500000000002,4.55
dp4-16,Dialga,Great Encounters,16,normal,8.9,12,triangulated,conflict,13,21,16,2026-08-11,10.467506955650535,2.3480000000000003,2.33
dp4-16,Dialga,Great Encounters,16,other,2.51,2.51,book_thin,red,0,1,1,2026-08-11,30.29,11.54,
dp4-16,Dialga,Great Encounters,16,reverse_holo,13,17,triangulated,conflict,5,8,8,2026-08-04,15.12,15.495,3.27
dp4-17,Exploud,Great Encounters,17,normal,1.6,2.16,triangulated,green,11,2,2,2026-08-04,1.88133228624427,0.58,
dp4-17,Exploud,Great Encounters,17,reverse_holo,3.85,7.77,triangulated,red,0,4,3,2026-08-04,2.69,3.698,
dp4-18,Houndoom,Great Encounters,18,normal,3.42,4.63,triangulated,green,20,7,7,2026-08-04,4.023810649008327,3.3920000000000003,
dp4-18,Houndoom,Great Encounters,18,reverse_holo,17,23,triangulated,amber,3,7,6,2026-08-04,19.666,15.463,
dp4-19,Hypno,Great Encounters,19,normal,1.74,2.35,triangulated,green,9,1,1,2026-08-04,2.0428869086747006,1.31,
dp4-19,Hypno,Great Encounters,19,reverse_holo,6.3,13,triangulated,red,0,3,3,2026-08-04,8.24,3.97,
dp4-2,Cresselia,Great Encounters,2,holo,10,18,triangulated,green,13,11,5,2026-08-04,15.570880797329421,9.724000000000002,
dp4-2,Cresselia,Great Encounters,2,reverse_holo,8.9,18,triangulated,red,0,7,7,2026-08-04,16.25,8.5515,2.03
dp4-20,Kingler,Great Encounters,20,normal,1.82,2.46,triangulated,green,12,1,1,2026-08-02,2.1365102642439027,1.19,
dp4-20,Kingler,Great Encounters,20,reverse_holo,3.87,7.82,triangulated,red,0,4,4,2026-08-04,6.14,3.7225,
dp4-21,Lapras,Great Encounters,21,normal,15,20,triangulated,green,14,1,1,2026-08-04,17.35816593431042,9.711,
dp4-21,Lapras,Great Encounters,21,reverse_holo,24,32,triangulated,amber,3,7,7,2026-08-04,27.915,18.802999999999997,
dp4-23,Latios,Great Encounters,23,normal,4.5,6.09,triangulated,amber,4,6,6,2026-08-04,5.296570132304492,4.1565,
dp4-23,Latios,Great Encounters,23,reverse_holo,13,26,triangulated,red,0,4,3,2026-08-04,21.99,12.465,
dp4-24,Mawile,Great Encounters,24,normal,11,15,triangulated,green,24,10,9,2026-08-11,12.838650895855414,4.197,
dp4-24,Mawile,Great Encounters,24,reverse_holo,17,34,triangulated,green,6,5,5,2026-08-04,15.161000000000001,13.963000000000001,
dp4-25,Milotic,Great Encounters,25,normal,14,19,triangulated,green,8,6,6,2026-08-04,16.646898196998965,6.255000000000001,
dp4-25,Milotic,Great Encounters,25,reverse_holo,22,45,triangulated,red,0,1,1,2026-08-04,30.48,21.465000000000003,
dp4-27,Primeape,Great Encounters,27,normal,0.86,1.16,triangulated,green,9,37,33,2026-08-11,1.0100396259048776,2.313,
dp4-27,Primeape,Great Encounters,27,reverse_holo,5.01,10,triangulated,red,0,5,4,2026-08-06,3.05,4.82,
dp4-28,Slowking,Great Encounters,28,normal,2.95,4.0,triangulated,green,18,4,4,2026-08-04,3.474885395125871,2.382,
dp4-28,Slowking,Great Encounters,28,reverse_holo,7.69,10,triangulated,amber,3,12,9,2026-08-04,9.052,8.2455,
dp4-29,Unown [H],Great Encounters,29,normal,10,14,triangulated,green,17,1,0,2026-08-04,11.928538307236456,7.41,
dp4-29,Unown [H],Great Encounters,29,reverse_holo,15,30,triangulated,amber,3,5,5,2026-08-04,14.6,12.522,
dp4-3,Darkrai,Great Encounters,3,holo,34,45,triangulated,green,22,3,3,2026-08-04,39.51509829231492,22.211000000000002,
dp4-3,Darkrai,Great Encounters,3,reverse_holo,27,54,triangulated,red,0,1,1,2026-08-04,51.23,25.751,
dp4-30,Wailord,Great Encounters,30,normal,9.12,12,triangulated,green,11,3,3,2026-08-04,10.734418470368395,6.816000000000001,
dp4-30,Wailord,Great Encounters,30,reverse_holo,3.75,7.58,triangulated,red,0,1,1,2026-08-04,18.33,18.348,
dp4-32,Wigglytuff,Great Encounters,32,normal,1.76,2.38,triangulated,green,8,1,1,2026-08-04,2.0660310783135056,1.55,
dp4-32,Wigglytuff,Great Encounters,32,reverse_holo,5.73,12,triangulated,red,0,2,1,2026-08-04,13.33,3.9,
dp4-4,Darkrai,Great Encounters,4,holo,15,20,triangulated,amber,13,6,2,2026-08-04,17.061829566955566,13.750000000000002,
dp4-4,Darkrai,Great Encounters,4,reverse_holo,16,33,triangulated,red,0,2,2,2026-08-04,19.99,15.725999999999999,
dp4-5,Pachirisu,Great Encounters,5,holo,15,21,triangulated,green,26,11,9,2026-08-04,18.110257832691946,12.13,
dp4-5,Pachirisu,Great Encounters,5,reverse_holo,9.45,19,triangulated,red,0,5,5,2026-08-04,15.32,6.956,
dp4-6,Porygon-Z,Great Encounters,6,holo,9.1,15,triangulated,green,19,8,5,2026-08-04,9.284875834913583,8.415,
dp4-6,Porygon-Z,Great Encounters,6,normal,7.23,15,triangulated,red,0,3,3,2026-08-04,3.14,1.69,
dp4-6,Porygon-Z,Great Encounters,6,reverse_holo,5.68,11,triangulated,red,0,11,8,2026-08-04,17.2,6.97,
dp4-7,Rotom,Great Encounters,7,holo,12,25,triangulated,conflict,9,8,7,2026-08-04,10.725818547665929,13.741,0.4
dp4-7,Rotom,Great Encounters,7,reverse_holo,8.35,17,triangulated,red,0,4,4,2026-08-04,20.13,8.027000000000001,
dp4-8,Sceptile,Great Encounters,8,holo,19,26,triangulated,green,16,12,10,2026-08-04,22.506124144098937,11.885,
dp4-8,Sceptile,Great Encounters,8,reverse_holo,13,26,triangulated,red,0,3,3,2026-08-04,2.97,12.604000000000001,0.11
dp4-9,Swampert,Great Encounters,9,holo,22,45,triangulated,green,6,12,11,2026-08-04,21.969851620001585,19.781,
dp4-9,Swampert,Great Encounters,9,reverse_holo,13,27,triangulated,red,0,2,2,2026-08-04,59.92,20.918,
hgss4-1,Aggron,HS Triumphant,1,holo,8.09,11,triangulated,green,15,16,9,2026-08-04,9.512565009875743,6.12,
hgss4-1,Aggron,HS Triumphant,1,reverse_holo,79,159,triangulated,red,0,16,9,2026-08-04,13.41,6.64,2.49
hgss4-10,Spiritomb,HS Triumphant,10,holo,4.28,6.24,triangulated,green,17,11,10,2026-08-04,4.280609290471125,3.379,
hgss4-10,Spiritomb,HS Triumphant,10,reverse_holo,4.91,7.61,triangulated,amber,3,13,12,2026-08-04,7.196000000000001,4.867,
hgss4-11,Venomoth,HS Triumphant,11,holo,4.17,5.13,triangulated,green,16,3,2,2026-08-11,4.165170560685095,3.4415,
hgss4-11,Venomoth,HS Triumphant,11,normal,1.67,2.26,triangulated,amber,3,13,7,2026-08-11,1.9609999999999999,1.01,
hgss4-11,Venomoth,HS Triumphant,11,reverse_holo,4.85,6.56,triangulated,amber,3,4,3,2026-08-06,5.702,3.43,
hgss4-15,Bronzong,HS Triumphant,15,normal,14,18,triangulated,green,12,5,5,2026-08-11,16.077394725178078,10.062,
hgss4-15,Bronzong,HS Triumphant,15,reverse_holo,20,37,triangulated,amber,4,5,5,2026-08-11,20.226999999999997,19.765,
hgss4-17,Ditto,HS Triumphant,17,normal,16,22,triangulated,green,10,1,1,2026-08-04,19.23838269296549,15.919,
hgss4-17,Ditto,HS Triumphant,17,reverse_holo,48,98,triangulated,red,0,1,1,2026-08-04,102.31,62.284,
hgss4-18,Dragonite,HS Triumphant,18,normal,13,18,triangulated,green,22,1,1,2026-08-04,15.299763020532689,11.272,
hgss4-18,Dragonite,HS Triumphant,18,reverse_holo,41,56,triangulated,amber,3,1,1,2026-08-04,48.619,54.439,
hgss4-2,Altaria,HS Triumphant,2,holo,8.62,12,triangulated,green,17,3,3,2026-07-14,10.146428208317394,6.96,
hgss4-2,Altaria,HS Triumphant,2,reverse_holo,11,23,triangulated,red,0,15,6,2026-08-04,11.27,8.03,
hgss4-3,Celebi,HS Triumphant,3,holo,17,26,triangulated,green,9,7,4,2026-08-04,23.37580826936139,10.357500000000002,
hgss4-3,Celebi,HS Triumphant,3,reverse_holo,9.26,13,triangulated,green,5,7,4,2026-08-04,10.89,11.146,
hgss4-5,Mamoswine,HS Triumphant,5,holo,3.11,4.94,triangulated,conflict,16,4,1,2026-08-06,3.7961582901447284,3.1105,0.06
hgss4-5,Mamoswine,HS Triumphant,5,normal,3.0,6.05,triangulated,red,0,16,6,2026-08-06,1.61,0.83,
hgss4-5,Mamoswine,HS Triumphant,5,other,1.76,2.9,book,red,0,16,6,2026-08-06,4.68,1.41,2.01
hgss4-5,Mamoswine,HS Triumphant,5,reverse_holo,5.38,7.28,triangulated,amber,3,1,1,2026-08-04,6.328,3.15,
hgss4-6,Nidoking,HS Triumphant,6,holo,9.73,13,triangulated,green,25,1,1,2026-08-04,11.449514452201537,9.7676297,
hgss4-6,Nidoking,HS Triumphant,6,normal,7.08,14,triangulated,red,0,1,1,2026-08-04,2.72,1.1,
hgss4-6,Nidoking,HS Triumphant,6,other,2.9,3.65,book,red,0,12,5,2026-08-04,11.83,7.41,3.61
hgss4-6,Nidoking,HS Triumphant,6,reverse_holo,14,29,triangulated,red,0,4,3,2026-08-04,9.56,6.86,
hgss4-7,Porygon-Z,HS Triumphant,7,holo,6.19,11,triangulated,green,13,1,1,2026-08-04,6.186059962826799,6.332000000000001,
hgss4-7,Porygon-Z,HS Triumphant,7,reverse_holo,6.15,8.77,triangulated,amber,3,1,1,2026-08-04,6.1530000000000005,4.47,
hgss4-8,Rapidash,HS Triumphant,8,holo,11,23,triangulated,green,17,7,6,2026-08-11,23.099609880706165,14.485500000000002,
hgss4-8,Rapidash,HS Triumphant,8,reverse_holo,11,21,triangulated,red,0,7,6,2026-08-11,20.0,12.657,
hgss3-47,Eevee,HS Undaunted,47,normal,2.34,3.16,triangulated,green,19,14,14,2026-08-11,2.7488648106897395,2.8920000000000003,
hgss3-47,Eevee,HS Undaunted,47,reverse_holo,17,34,triangulated,red,0,14,14,2026-08-11,32.17,21.943,11.66
hgss3-48,Eevee,HS Undaunted,48,normal,3.8,5.13,triangulated,green,34,8,8,2026-08-06,4.465102488892607,3.447,
hgss3-48,Eevee,HS Undaunted,48,reverse_holo,15,20,triangulated,amber,3,1,1,2026-08-06,17.8,19.86,
hgss3-61,Pikachu,HS Undaunted,61,holo,3.39,4.59,triangulated,amber,4,19,18,2026-08-06,3.99,,
hgss3-61,Pikachu,HS Undaunted,61,normal,23,46,triangulated,green,44,5,5,2026-08-04,12.285593941044915,7.7700000000000005,
hgss3-61,Pikachu,HS Undaunted,61,reverse_holo,71,144,triangulated,red,0,3,2,2026-08-04,141.23,91.628,3.54
hgss3-66,Slowpoke,HS Undaunted,66,normal,17,26,triangulated,green,48,3,3,2026-08-04,20.095659631256847,15.791,
hgss3-66,Slowpoke,HS Undaunted,66,reverse_holo,70,141,triangulated,red,0,13,12,2026-08-04,99.97,89.75,5.69
hgss3-70,Togepi,HS Undaunted,70,normal,5.27,11,triangulated,green,30,1,1,2026-08-04,2.2615452388833206,2.0660000000000003,
hgss3-70,Togepi,HS Undaunted,70,reverse_holo,11,21,triangulated,red,0,6,6,2026-08-06,37.5,13.679,
hgss2-1,Jirachi,HS Unleashed,1,holo,19,28,triangulated,green,14,6,6,2026-08-04,24.087631951686333,14.946,
hgss2-1,Jirachi,HS Unleashed,1,reverse_holo,17,35,triangulated,red,0,1,1,2026-08-04,27.26,18.673,
hgss2-13,Blastoise,HS Unleashed,13,holo,46,92,triangulated,conflict,4,12,12,2026-08-04,45.2145,32.5,2.52
hgss2-13,Blastoise,HS Unleashed,13,normal,13,18,triangulated,green,18,1,1,2026-08-04,15.711660886491304,11.587000000000002,
hgss2-13,Blastoise,HS Unleashed,13,other,20,21,book,red,0,5,5,2026-07-21,38.58,27.42,
hgss2-13,Blastoise,HS Unleashed,13,reverse_holo,24,49,triangulated,red,0,1,1,2026-08-04,59.99,31.307,
hgss2-19,Lucario,HS Unleashed,19,normal,4.52,8.37,triangulated,conflict,14,5,4,2026-08-06,4.517093700247031,4.09,0.47
hgss2-19,Lucario,HS Unleashed,19,reverse_holo,13,26,triangulated,red,0,5,4,2026-08-06,7.0,16.264,
hgss2-20,Ninetales,HS Unleashed,20,normal,15,20,triangulated,green,5,3,3,2026-08-04,17.733300288580658,7.048,
hgss2-20,Ninetales,HS Unleashed,20,reverse_holo,17,35,triangulated,red,0,3,3,2026-08-04,23.1,32.172000000000004,2.12
hgss2-22,Primeape,HS Unleashed,22,normal,1.25,1.69,triangulated,conflict,18,9,9,2026-08-11,1.473438245712371,2.9065,0.43
hgss2-22,Primeape,HS Unleashed,22,reverse_holo,11,15,triangulated,amber,3,1,1,2026-08-04,13.291,11.335,
hgss2-3,Manaphy,HS Unleashed,3,holo,8.91,12,triangulated,green,9,10,10,2026-08-04,10.483860296386121,6.209499999999999,
hgss2-3,Manaphy,HS Unleashed,3,reverse_holo,9.13,18,triangulated,red,0,3,3,2026-08-04,9.64,8.02,
hgss2-7,Politoed,HS Unleashed,7,holo,14,19,triangulated,green,5,1,1,2026-08-04,16.710270269796432,10.246,
hgss2-7,Politoed,HS Unleashed,7,reverse_holo,51,103,triangulated,amber,3,2,2,2026-08-04,19.377999999999997,10.41,
hgss2-8,Shaymin,HS Unleashed,8,holo,7.48,15,triangulated,green,9,13,12,2026-08-04,14.330942739589213,10.7575,
hgss2-8,Shaymin,HS Unleashed,8,reverse_holo,10,21,triangulated,red,0,1,1,2026-08-04,16.66,13.9,
hgss2-9,Sudowoodo,HS Unleashed,9,holo,17,27,triangulated,green,5,1,1,2026-08-04,17.163759784079627,15.918500000000002,
hgss2-9,Sudowoodo,HS Unleashed,9,reverse_holo,16,21,triangulated,amber,3,1,1,2026-08-04,18.441,16.813,
ex5-1,Banette,Hidden Legends,1,holo,32,62,triangulated,green,28,6,4,2026-08-04,33.19562685534703,29.4735,
ex5-1,Banette,Hidden Legends,1,reverse_holo,23,38,triangulated,amber,3,2,2,2026-08-04,35.563,19.6,
ex5-10,Medicham,Hidden Legends,10,holo,10,19,triangulated,green,13,19,17,2026-08-04,11.698527181666753,7.836,
ex5-10,Medicham,Hidden Legends,10,reverse_holo,13,27,triangulated,amber,3,11,10,2026-08-04,10.925,10.78,
ex5-100,Vileplume ex,Hidden Legends,100,holo,34,68,triangulated,conflict,6,12,2,2026-08-04,160.55412898069977,82.439,2.29
ex5-101,Wigglytuff ex,Hidden Legends,101,holo,70,95,triangulated,amber,4,10,8,2026-08-11,82.51862984021658,70.17200000000001,
ex5-11,Metagross,Hidden Legends,11,holo,15,30,triangulated,conflict,16,11,10,2026-08-04,5.657228436127967,6.49,0.18
ex5-11,Metagross,Hidden Legends,11,normal,4.16,5.63,triangulated,amber,4,11,11,2026-08-04,4.8975,2.54,
ex5-11,Metagross,Hidden Legends,11,reverse_holo,21,42,triangulated,red,0,3,3,2026-08-04,100.31,29.977,
ex5-12,Milotic,Hidden Legends,12,holo,69,140,triangulated,green,23,15,10,2026-08-04,65.11449441107305,37.152,
ex5-12,Milotic,Hidden Legends,12,reverse_holo,101,149,triangulated,amber,4,4,2,2026-08-04,101.249,90.721,
ex5-13,Pinsir,Hidden Legends,13,holo,16,25,triangulated,green,24,23,20,2026-08-04,18.323542699120946,14.717500000000001,
ex5-13,Pinsir,Hidden Legends,13,reverse_holo,11,22,triangulated,red,0,12,12,2026-08-04,20.95,15.819500000000001,
ex5-14,Shiftry,Hidden Legends,14,holo,17,23,triangulated,green,12,5,4,2026-08-04,20.307672822808787,7.593,
ex5-14,Shiftry,Hidden Legends,14,reverse_holo,26,52,triangulated,amber,3,9,8,2026-08-04,18.29,12.483,
ex5-15,Walrein,Hidden Legends,15,holo,20,40,triangulated,green,18,18,16,2026-08-11,15.350590004307609,13.193999999999999,
ex5-15,Walrein,Hidden Legends,15,reverse_holo,43,86,triangulated,amber,4,2,1,2026-08-04,34.269000000000005,21.68,
ex5-2,Claydol,Hidden Legends,2,holo,15,31,triangulated,green,30,17,12,2026-08-04,15.246796420754128,10.901,
ex5-2,Claydol,Hidden Legends,2,reverse_holo,16,32,triangulated,amber,3,9,9,2026-08-04,16.189999999999998,12.39,
ex5-3,Crobat,Hidden Legends,3,holo,17,23,triangulated,green,17,10,8,2026-08-04,19.99049655653599,17.346,
ex5-3,Crobat,Hidden Legends,3,reverse_holo,71,97,triangulated,conflict,4,7,7,2026-08-04,84.037,17.397,3.39
ex5-4,Dark Celebi,Hidden Legends,4,holo,57,78,triangulated,green,61,33,28,2026-08-04,70.1933787578927,40.442,
ex5-4,Dark Celebi,Hidden Legends,4,reverse_holo,95,128,triangulated,amber,3,7,5,2026-08-04,111.646,67.49699999999999,
ex5-5,Electrode,Hidden Legends,5,holo,24,34,triangulated,green,28,7,6,2026-08-04,23.599549138339835,19.216499999999996,
ex5-5,Electrode,Hidden Legends,5,reverse_holo,14,28,triangulated,red,0,6,6,2026-08-04,27.46,20.366,
ex5-6,Exploud,Hidden Legends,6,holo,21,28,triangulated,green,31,11,8,2026-08-11,24.502732037732812,19.848999999999997,
ex5-6,Exploud,Hidden Legends,6,reverse_holo,39,52,triangulated,green,7,4,4,2026-08-04,45.399,21.211,
ex5-7,Heracross,Hidden Legends,7,holo,5.19,10,triangulated,red,0,9,8,2026-08-04,44.52,21.271,
ex5-7,Heracross,Hidden Legends,7,reverse_holo,43,56,triangulated,amber,4,5,5,2026-08-11,42.688500000000005,34.978500000000004,
ex5-8,Jirachi,Hidden Legends,8,holo,24,34,triangulated,green,30,23,18,2026-08-04,28.122764260727433,21.178,
ex5-8,Jirachi,Hidden Legends,8,reverse_holo,56,113,triangulated,red,0,2,2,2026-08-04,43.99,80.901,
ex5-9,Machamp,Hidden Legends,9,holo,33,45,triangulated,green,16,13,9,2026-08-11,39.291211912023684,25.257,
ex5-9,Machamp,Hidden Legends,9,reverse_holo,11,21,triangulated,red,0,4,3,2026-08-04,84.99,69.69,
ex5-93,Groudon ex,Hidden Legends,93,holo,125,253,triangulated,green,9,7,6,2026-08-11,269.3989988412145,239.99,
ex5-94,Kyogre ex,Hidden Legends,94,holo,198,267,triangulated,green,7,7,2,2026-08-04,232.47261210437728,149.5,
ex5-95,Metagross ex,Hidden Legends,95,holo,100,201,triangulated,green,8,8,8,2026-08-11,148.0386079422098,137.19,
ex5-96,Ninetales ex,Hidden Legends,96,holo,206,383,triangulated,green,7,13,10,2026-08-04,290.0027448414234,228.798,
ex5-97,Regice ex,Hidden Legends,97,holo,87,175,triangulated,green,9,2,2,2026-08-04,196.62238122421496,153.17800000000003,
ex5-98,Regirock ex,Hidden Legends,98,holo,86,173,triangulated,green,9,7,7,2026-08-11,170.8847512136755,150.075,
ex5-99,Registeel ex,Hidden Legends,99,holo,134,182,triangulated,amber,4,7,3,2026-08-04,157.82834265999136,148.222,
ex13-1,Armaldo δ,Holon Phantoms,1,holo,44,60,triangulated,green,16,6,5,2026-08-04,52.26990661275643,15.348,
ex13-1,Armaldo δ,Holon Phantoms,1,reverse_holo,39,53,triangulated,amber,3,5,3,2026-08-04,46.425,45.716,
ex13-10,Kingdra δ,Holon Phantoms,10,holo,22,45,triangulated,green,19,4,3,2026-08-04,66.53840448542613,36.468,
ex13-10,Kingdra δ,Holon Phantoms,10,reverse_holo,21,43,triangulated,red,0,2,1,2026-08-04,225.53,45.48700000000001,
ex13-102,Gyarados ★ δ,Holon Phantoms,102,holo,1949,3936,triangulated,amber,1,0,0,,1399.8,1399.0,
ex13-11,Latias δ,Holon Phantoms,11,holo,50,101,triangulated,green,14,18,16,2026-08-04,92.88818743695498,41.726,
ex13-11,Latias δ,Holon Phantoms,11,reverse_holo,99,199,triangulated,red,0,4,1,2026-08-04,99.99,126.531,
ex13-12,Latios δ,Holon Phantoms,12,holo,94,190,triangulated,green,9,18,14,2026-08-04,80.08571920302133,44.82000000000001,
ex13-12,Latios δ,Holon Phantoms,12,reverse_holo,59,119,triangulated,red,0,4,3,2026-08-04,247.5,110.9,
ex13-13,Omastar δ,Holon Phantoms,13,holo,20,28,triangulated,green,17,10,9,2026-08-04,23.965536193641803,11.838000000000001,
ex13-13,Omastar δ,Holon Phantoms,13,reverse_holo,33,44,triangulated,conflict,3,9,5,2026-08-04,38.579,14.894,2.57
ex13-14,Pidgeot δ,Holon Phantoms,14,holo,35,53,triangulated,green,16,13,12,2026-08-04,34.683589691195415,20.554,
ex13-14,Pidgeot δ,Holon Phantoms,14,reverse_holo,46,93,triangulated,red,0,4,4,2026-08-04,64.33,59.172,2.64
ex13-15,Raichu δ,Holon Phantoms,15,holo,84,160,triangulated,green,23,9,7,2026-08-04,113.74448437160811,40.46,
ex13-15,Raichu δ,Holon Phantoms,15,reverse_holo,110,222,triangulated,conflict,3,4,2,2026-08-04,83.13300000000001,100.755,0.07
ex13-16,Rayquaza δ,Holon Phantoms,16,holo,297,402,triangulated,green,11,13,5,2026-08-04,349.41660491817845,237.495,
ex13-16,Rayquaza δ,Holon Phantoms,16,reverse_holo,381,770,triangulated,red,0,9,3,2026-08-04,450.0,488.749,0.38
ex13-17,Vileplume δ,Holon Phantoms,17,holo,26,35,triangulated,green,12,12,9,2026-08-04,30.81256966249438,16.5405,
ex13-17,Vileplume δ,Holon Phantoms,17,reverse_holo,33,68,triangulated,amber,3,5,5,2026-08-04,29.06,21.285,
ex13-18,Absol,Holon Phantoms,18,normal,6.42,8.68,triangulated,green,28,6,6,2026-08-04,7.549291960038856,4.928,
ex13-18,Absol,Holon Phantoms,18,reverse_holo,44,89,triangulated,red,0,3,3,2026-08-04,77.31,56.694500000000005,
ex13-19,Bellossom δ,Holon Phantoms,19,holo,16,31,triangulated,red,0,1,1,2026-08-04,3.87,19.95,
ex13-19,Bellossom δ,Holon Phantoms,19,normal,3.52,4.76,triangulated,green,27,2,2,2026-08-04,4.140750909542341,3.008,
ex13-19,Bellossom δ,Holon Phantoms,19,reverse_holo,33,45,triangulated,amber,4,1,1,2026-08-04,39.0405,24.18,
ex13-2,Cradily δ,Holon Phantoms,2,holo,18,37,triangulated,green,21,8,7,2026-08-04,19.17625887915323,11.906000000000002,
ex13-2,Cradily δ,Holon Phantoms,2,reverse_holo,12,24,triangulated,red,0,6,4,2026-08-04,30.87,14.936,
ex13-20,Blaziken,Holon Phantoms,20,holo,31,62,triangulated,red,0,21,18,2026-08-04,123.24,,20.12
ex13-20,Blaziken,Holon Phantoms,20,normal,4.95,6.7,triangulated,green,22,5,5,2026-08-04,5.828540730059352,3.4665,
ex13-20,Blaziken,Holon Phantoms,20,reverse_holo,78,158,triangulated,red,0,2,2,2026-08-04,123.24,92.707,
ex13-21,Latias δ,Holon Phantoms,21,holo,38,51,triangulated,amber,3,4,3,2026-08-04,44.128,28.122,
ex13-21,Latias δ,Holon Phantoms,21,normal,16,21,triangulated,green,10,7,7,2026-08-04,18.391517518252243,9.151,
ex13-21,Latias δ,Holon Phantoms,21,reverse_holo,7.17,14,triangulated,red,0,5,5,2026-08-04,118.65,90.02,
ex13-22,Latios δ,Holon Phantoms,22,holo,50,101,triangulated,amber,3,4,4,2026-08-04,35.0,58.73950000000001,
ex13-22,Latios δ,Holon Phantoms,22,normal,14,18,triangulated,green,12,8,8,2026-08-04,15.978638823069408,12.8125,
ex13-22,Latios δ,Holon Phantoms,22,reverse_holo,76,154,triangulated,red,0,8,8,2026-08-04,109.99,123.749,
ex13-24,Mewtwo δ,Holon Phantoms,24,normal,62,125,triangulated,green,23,8,8,2026-08-04,39.92684159182241,29.255000000000003,
ex13-24,Mewtwo δ,Holon Phantoms,24,reverse_holo,69,139,triangulated,red,0,4,2,2026-08-06,287.5,244.889,
ex13-26,Rayquaza δ,Holon Phantoms,26,holo,47,96,triangulated,red,0,23,20,2026-08-04,308.6,,4.47
ex13-26,Rayquaza δ,Holon Phantoms,26,normal,61,82,triangulated,green,22,8,8,2026-08-04,71.31803105364838,45.003,
ex13-26,Rayquaza δ,Holon Phantoms,26,reverse_holo,199,403,triangulated,red,0,23,20,2026-08-04,210.0,290.32,3.04
ex13-27,Regice,Holon Phantoms,27,holo,15,29,triangulated,red,0,26,23,2026-08-04,5.23,,
ex13-27,Regice,Holon Phantoms,27,normal,4.05,5.47,triangulated,green,12,8,5,2026-08-04,4.7592149968481445,4.811000000000001,
ex13-27,Regice,Holon Phantoms,27,reverse_holo,27,55,triangulated,amber,3,4,4,2026-08-04,59.888000000000005,44.079,
ex13-28,Regirock,Holon Phantoms,28,normal,3.39,4.59,triangulated,green,20,6,5,2026-08-04,3.9929431512634217,2.9570000000000003,
ex13-28,Regirock,Holon Phantoms,28,reverse_holo,27,37,triangulated,amber,3,3,3,2026-08-04,32.211,21.976499999999998,
ex13-29,Registeel,Holon Phantoms,29,holo,11,23,triangulated,red,0,2,2,2026-08-04,4.23,,
ex13-29,Registeel,Holon Phantoms,29,normal,3.71,5.02,triangulated,green,15,10,7,2026-08-04,4.364373494140951,2.398,
ex13-29,Registeel,Holon Phantoms,29,reverse_holo,20,40,triangulated,amber,3,3,3,2026-08-04,41.0,37.34,
ex13-3,Deoxys δ,Holon Phantoms,3,holo,20,40,triangulated,green,7,3,3,2026-08-04,68.80822156518009,43.415,
ex13-3,Deoxys δ,Holon Phantoms,3,reverse_holo,127,257,triangulated,red,0,2,2,2026-08-04,70.0,124.51,
ex13-30,Relicanth,Holon Phantoms,30,normal,1.73,2.33,triangulated,green,13,3,3,2026-08-04,2.0302711109124423,2.385,
ex13-30,Relicanth,Holon Phantoms,30,reverse_holo,16,22,triangulated,amber,3,3,3,2026-08-04,19.2,14.601500000000001,
ex13-31,Sableye,Holon Phantoms,31,normal,3.92,5.3,triangulated,green,14,2,2,2026-08-04,4.61179757225144,3.0625,
ex13-31,Sableye,Holon Phantoms,31,reverse_holo,112,152,triangulated,conflict,3,3,2,2026-08-04,132.11100000000002,48.338,2.94
ex13-35,Aerodactyl δ,Holon Phantoms,35,normal,7.36,9.96,triangulated,green,24,5,4,2026-08-04,8.664224705844592,6.9215,
ex13-35,Aerodactyl δ,Holon Phantoms,35,reverse_holo,51,103,triangulated,red,0,4,3,2026-08-04,99.99,65.05799999999999,
ex13-37,Chimecho δ,Holon Phantoms,37,normal,1.49,2.01,triangulated,green,18,16,10,2026-08-04,1.7481206619625227,1.922,
ex13-37,Chimecho δ,Holon Phantoms,37,reverse_holo,10,20,triangulated,red,0,2,1,2026-08-04,22.97,12.344000000000001,
ex13-4,Deoxys δ,Holon Phantoms,4,holo,50,68,triangulated,green,9,1,1,2026-08-04,59.261487902003964,33.597500000000004,
ex13-4,Deoxys δ,Holon Phantoms,4,reverse_holo,155,210,triangulated,amber,3,2,1,2026-08-04,182.418,77.691,
ex13-41,Exeggutor δ,Holon Phantoms,41,normal,3.35,4.54,triangulated,green,19,2,2,2026-08-04,3.9456002736035534,3.4133465199999997,
ex13-41,Exeggutor δ,Holon Phantoms,41,reverse_holo,19,34,triangulated,amber,3,4,4,2026-08-04,31.239,21.7025,
ex13-42,Gloom δ,Holon Phantoms,42,normal,2.16,2.92,triangulated,green,30,13,7,2026-08-04,2.537769569409899,2.582,
ex13-42,Gloom δ,Holon Phantoms,42,reverse_holo,21,43,triangulated,red,0,2,1,2026-08-04,36.37,21.439713890000007,
ex13-43,Golduck δ,Holon Phantoms,43,normal,2.41,3.26,triangulated,green,22,8,5,2026-08-04,2.8338713234334723,2.2319999999999998,
ex13-43,Golduck δ,Holon Phantoms,43,reverse_holo,23,47,triangulated,red,0,6,5,2026-08-04,15.0,29.991,0.5
ex13-48,Persian δ,Holon Phantoms,48,normal,4.44,6.0,triangulated,green,27,9,5,2026-08-06,5.220442030972761,3.383,
ex13-48,Persian δ,Holon Phantoms,48,reverse_holo,88,118,triangulated,amber,3,2,0,2026-08-04,102.99000000000001,39.038,
ex13-49,Pidgeotto δ,Holon Phantoms,49,normal,2.61,3.53,triangulated,green,21,3,3,2026-08-04,3.0727923496690863,2.036,
ex13-49,Pidgeotto δ,Holon Phantoms,49,reverse_holo,19,26,triangulated,conflict,3,19,16,2026-08-04,22.79,29.787,6.32
ex13-5,Deoxys δ,Holon Phantoms,5,holo,129,232,triangulated,green,9,9,7,2026-08-04,141.6609360305726,66.899,
ex13-5,Deoxys δ,Holon Phantoms,5,reverse_holo,173,350,triangulated,red,0,9,9,2026-08-04,349.99,222.28,
ex13-51,Raichu,Holon Phantoms,51,normal,3.52,4.77,triangulated,green,15,2,2,2026-08-04,4.14640309341844,3.7380000000000004,
ex13-51,Raichu,Holon Phantoms,51,reverse_holo,81,110,triangulated,amber,3,1,1,2026-08-04,95.513,39.92,
ex13-52,Seadra δ,Holon Phantoms,52,normal,1.66,2.25,triangulated,green,18,1,1,2026-08-04,1.9552392154954636,2.2285,
ex13-52,Seadra δ,Holon Phantoms,52,reverse_holo,20,41,triangulated,red,0,1,1,2026-08-04,42.5,25.738000000000003,
ex13-53,Sharpedo δ,Holon Phantoms,53,normal,2.03,2.75,triangulated,green,28,16,15,2026-08-04,2.387906634739553,2.114,
ex13-53,Sharpedo δ,Holon Phantoms,53,reverse_holo,27,54,triangulated,red,0,1,1,2026-08-04,35.99,24.78,
ex13-54,Vibrava δ,Holon Phantoms,54,normal,1.62,2.19,triangulated,green,21,2,2,2026-08-04,1.9069115415229407,1.922,
ex13-54,Vibrava δ,Holon Phantoms,54,reverse_holo,23,46,triangulated,amber,3,2,1,2026-08-04,22.195999999999998,16.633499999999998,
ex13-57,Anorith δ,Holon Phantoms,57,normal,0.5,0.67,triangulated,green,40,2,2,2026-08-04,0.5854078506986453,1.99,
ex13-57,Anorith δ,Holon Phantoms,57,reverse_holo,11,22,triangulated,red,0,1,0,2026-08-04,14.19,14.120000000000001,
ex13-59,Baltoy,Holon Phantoms,59,normal,5.04,6.81,triangulated,conflict,11,8,8,2026-08-04,5.924715725036417,1.4260000000000002,3.39
ex13-59,Baltoy,Holon Phantoms,59,reverse_holo,8.14,11,triangulated,green,5,6,5,2026-08-04,9.581,7.242,
ex13-6,Deoxys δ,Holon Phantoms,6,holo,77,146,triangulated,green,10,4,4,2026-08-04,76.84266811964572,50.84,
ex13-6,Deoxys δ,Holon Phantoms,6,reverse_holo,52,106,triangulated,red,0,5,2,2026-08-04,222.5,67.024,
ex13-61,Carvanha δ,Holon Phantoms,61,normal,0.52,0.7,triangulated,green,24,1,1,2026-08-04,0.6065156745094269,1.89,
ex13-61,Carvanha δ,Holon Phantoms,61,reverse_holo,11,21,triangulated,red,0,28,24,2026-08-04,22.65,13.515,12.94
ex13-64,Electrike,Holon Phantoms,64,normal,0.28,0.38,triangulated,conflict,26,11,9,2026-08-04,0.3314154114007106,0.24,0.13
ex13-64,Electrike,Holon Phantoms,64,reverse_holo,153,309,triangulated,red,0,16,8,2026-08-04,5.0,8.68,0.31
ex13-65,Exeggcute δ,Holon Phantoms,65,normal,0.47,0.64,triangulated,conflict,34,3,3,2026-08-04,0.5535291789292853,1.5332235,0.15
ex13-65,Exeggcute δ,Holon Phantoms,65,reverse_holo,18,25,triangulated,amber,3,1,0,2026-08-04,21.491,15.228,
ex13-66,Horsea δ,Holon Phantoms,66,normal,0.72,0.98,triangulated,green,24,2,2,2026-08-04,0.851675897571156,1.9249999999999998,
ex13-66,Horsea δ,Holon Phantoms,66,reverse_holo,21,43,triangulated,amber,4,4,4,2026-08-04,19.4465,13.207,
ex13-67,Kabuto δ,Holon Phantoms,67,normal,1.96,2.65,triangulated,green,35,29,25,2026-08-04,2.3008241735406694,2.3545000000000003,
ex13-67,Kabuto δ,Holon Phantoms,67,reverse_holo,38,78,triangulated,red,0,3,3,2026-08-04,66.94,44.26,
ex13-68,Lileep δ,Holon Phantoms,68,normal,0.54,0.73,triangulated,conflict,36,4,4,2026-08-04,0.6311339423794955,1.483,0.34
ex13-68,Lileep δ,Holon Phantoms,68,reverse_holo,9.64,13,triangulated,amber,3,1,1,2026-08-06,11.347,11.825000000000001,
ex13-69,Magikarp δ,Holon Phantoms,69,normal,3.88,5.25,triangulated,green,54,22,20,2026-08-04,4.56206126622296,4.489,
ex13-69,Magikarp δ,Holon Phantoms,69,reverse_holo,131,177,triangulated,green,5,6,4,2026-08-04,153.853,82.809,
ex13-7,Flygon δ,Holon Phantoms,7,holo,69,93,triangulated,conflict,9,10,6,2026-08-04,80.62630188193597,40.172,3.17
ex13-7,Flygon δ,Holon Phantoms,7,reverse_holo,75,102,triangulated,conflict,3,5,4,2026-08-04,88.3,79.013,2.64
ex13-70,Mankey δ,Holon Phantoms,70,normal,0.5,0.67,triangulated,green,30,1,1,2026-08-04,0.5864452556897946,1.4775162,
ex13-70,Mankey δ,Holon Phantoms,70,reverse_holo,9.73,13,triangulated,amber,4,1,1,2026-08-04,11.444999999999999,19.291,
ex13-71,Meowth δ,Holon Phantoms,71,normal,1.92,2.6,triangulated,green,24,6,6,2026-08-04,2.258297093003437,2.456,
ex13-71,Meowth δ,Holon Phantoms,71,reverse_holo,102,138,triangulated,conflict,3,4,3,2026-08-04,119.74,81.325,2.19
ex13-74,Omanyte δ,Holon Phantoms,74,normal,0.73,0.99,triangulated,conflict,42,8,8,2026-08-04,0.8580380429054035,2.4850000000000003,0.42
ex13-74,Omanyte δ,Holon Phantoms,74,reverse_holo,7.65,15,triangulated,red,0,2,2,2026-08-04,21.87,17.16,
ex13-75,Phanpy,Holon Phantoms,75,normal,0.86,1.16,triangulated,green,44,5,5,2026-08-04,1.012707064912207,1.99,
ex13-75,Phanpy,Holon Phantoms,75,reverse_holo,13,27,triangulated,green,9,2,1,2026-08-04,21.544000000000004,28.8,
ex13-76,Pichu δ,Holon Phantoms,76,normal,8.18,17,triangulated,green,50,25,21,2026-08-04,5.71605821846174,4.043500000000001,
ex13-76,Pichu δ,Holon Phantoms,76,reverse_holo,3.78,7.63,triangulated,red,0,4,3,2026-08-04,48.5,34.092,2.28
ex13-77,Pidgey δ,Holon Phantoms,77,normal,1.62,3.27,triangulated,conflict,34,7,7,2026-08-04,1.0674035313152972,2.2554954499999997,0.46
ex13-77,Pidgey δ,Holon Phantoms,77,reverse_holo,29,39,triangulated,amber,3,2,2,2026-08-04,33.753,30.917,
ex13-78,Pikachu,Holon Phantoms,78,holo,27,55,triangulated,red,0,48,37,2026-08-04,14.42,,
ex13-78,Pikachu,Holon Phantoms,78,normal,8.74,12,triangulated,green,49,16,15,2026-08-04,10.284204488466274,5.1375,
ex13-78,Pikachu,Holon Phantoms,78,reverse_holo,44,90,triangulated,red,0,15,8,2026-08-04,239.99,93.4355,
ex13-79,Pikachu δ,Holon Phantoms,79,normal,27,55,triangulated,green,80,16,13,2026-08-04,12.829888127449452,8.1475,
ex13-79,Pikachu δ,Holon Phantoms,79,reverse_holo,43,88,triangulated,red,0,2,1,2026-08-04,140.0,132.72,
ex13-8,Gyarados δ,Holon Phantoms,8,holo,163,318,triangulated,green,17,17,15,2026-08-04,294.9853580858484,169.37700000000004,
ex13-8,Gyarados δ,Holon Phantoms,8,reverse_holo,431,584,triangulated,amber,3,11,8,2026-08-04,507.499,388.81948750000004,
ex13-80,Poochyena,Holon Phantoms,80,holo,7.0,14,triangulated,red,0,1,0,2026-08-04,13.21,8.97,
ex13-80,Poochyena,Holon Phantoms,80,normal,0.5,0.67,triangulated,conflict,23,4,4,2026-08-04,0.5830634093635114,1.93,0.29
ex13-80,Poochyena,Holon Phantoms,80,reverse_holo,6.8,14,triangulated,green,8,6,6,2026-08-04,15.617999999999999,12.332999999999998,
ex13-81,Psyduck δ,Holon Phantoms,81,holo,16,32,triangulated,red,0,1,1,2026-08-04,20.49,,
ex13-81,Psyduck δ,Holon Phantoms,81,normal,14,19,triangulated,green,70,14,14,2026-08-04,16.6888916475392,11.427,
ex13-81,Psyduck δ,Holon Phantoms,81,reverse_holo,202,274,triangulated,amber,3,5,3,2026-08-04,237.982,267.644,
ex13-82,Surskit,Holon Phantoms,82,normal,0.31,0.42,triangulated,green,22,2,2,2026-08-04,0.364522709405773,4.519,
ex13-82,Surskit,Holon Phantoms,82,reverse_holo,10,17,triangulated,amber,3,8,3,2026-08-04,10.324,6.8045,
ex13-83,Torchic,Holon Phantoms,83,holo,21,42,triangulated,red,0,91,78,2026-08-11,68.73,26.369999999999997,46.13
ex13-83,Torchic,Holon Phantoms,83,normal,0.47,0.64,triangulated,conflict,30,17,15,2026-08-04,0.5523032942071774,1.9649999999999999,0.29
ex13-83,Torchic,Holon Phantoms,83,reverse_holo,59,80,triangulated,green,9,2,1,2026-08-04,69.873,34.158500000000004,
ex13-84,Trapinch δ,Holon Phantoms,84,normal,0.76,1.02,triangulated,green,23,1,1,2026-08-04,0.8898816500500901,1.99,
ex13-84,Trapinch δ,Holon Phantoms,84,reverse_holo,17,34,triangulated,red,0,5,2,2026-08-04,15.64,21.759,0.36
ex13-9,Kabutops δ,Holon Phantoms,9,holo,53,72,triangulated,conflict,13,13,10,2026-08-04,62.21971362620388,32.597500000000004,2.42
ex13-9,Kabutops δ,Holon Phantoms,9,reverse_holo,29,59,triangulated,red,0,3,3,2026-08-04,124.94,78.376,2.61
ex13-94,Darkness Energy,Holon Phantoms,94,normal,1.77,2.39,triangulated,green,13,1,1,2026-08-02,2.079900946901198,0.93,
ex13-94,Darkness Energy,Holon Phantoms,94,reverse_holo,89,180,triangulated,red,0,1,1,2026-08-03,5.76,4.55,
ex13-95,Metal Energy,Holon Phantoms,95,normal,0.85,1.15,triangulated,amber,3,1,1,2026-08-02,0.9996569552625701,0.68,
ex13-95,Metal Energy,Holon Phantoms,95,reverse_holo,95,192,triangulated,red,0,6,6,2026-08-11,6.77,4.58,7.52
ex12-1,Aerodactyl,Legend Maker,1,holo,4.23,8.54,triangulated,amber,1,6,6,2026-08-04,88.94800000000001,32.354,
ex12-1,Aerodactyl,Legend Maker,1,reverse_holo,4.15,8.38,triangulated,red,0,6,6,2026-08-04,125.0,54.96,2.5
ex12-10,Mew,Legend Maker,10,holo,137,210,triangulated,conflict,7,3,2,2026-08-04,209.77488403182707,134.249,0.48
ex12-10,Mew,Legend Maker,10,reverse_holo,437,591,triangulated,amber,3,2,2,2026-08-04,514.127,196.75,
ex12-11,Muk,Legend Maker,11,holo,23,31,triangulated,green,31,9,8,2026-08-04,26.762365701402555,14.863999999999999,
ex12-11,Muk,Legend Maker,11,reverse_holo,39,42,triangulated,green,8,5,5,2026-08-04,42.127500000000005,31.66274484,
ex12-12,Shiftry,Legend Maker,12,holo,14,28,triangulated,green,16,9,9,2026-08-04,14.305757943582014,14.327,
ex12-12,Shiftry,Legend Maker,12,reverse_holo,15,29,triangulated,red,0,1,1,2026-08-04,24.99,22.99,
ex12-13,Victreebel,Legend Maker,13,holo,23,32,triangulated,green,21,14,12,2026-08-04,27.52975738232905,14.999,
ex12-13,Victreebel,Legend Maker,13,reverse_holo,29,39,triangulated,conflict,3,3,3,2026-08-04,33.974000000000004,41.07,0.44
ex12-14,Wailord,Legend Maker,14,holo,19,38,triangulated,green,23,7,7,2026-08-04,46.36080999492902,24.772499999999997,
ex12-14,Wailord,Legend Maker,14,reverse_holo,44,60,triangulated,amber,4,2,2,2026-08-04,52.116,51.615,
ex12-2,Aggron,Legend Maker,2,holo,31,50,triangulated,green,29,9,7,2026-08-04,32.89136976419868,18.9307225,
ex12-2,Aggron,Legend Maker,2,reverse_holo,43,58,triangulated,amber,3,2,2,2026-08-04,50.852000000000004,38.75,
ex12-3,Cradily,Legend Maker,3,holo,8.32,15,triangulated,green,34,14,13,2026-08-04,14.388407929308105,7.215000000000001,
ex12-3,Cradily,Legend Maker,3,reverse_holo,21,28,triangulated,green,5,1,1,2026-08-04,24.701,19.44,
ex12-4,Delcatty,Legend Maker,4,holo,20,41,triangulated,green,11,4,4,2026-08-04,16.556871874635302,11.254,
ex12-4,Delcatty,Legend Maker,4,reverse_holo,17,35,triangulated,red,0,5,5,2026-08-04,63.71,28.794,
ex12-48,Aron,Legend Maker,48,holo,9.09,18,triangulated,red,0,37,34,2026-08-11,23.47,15.0,38.48
ex12-48,Aron,Legend Maker,48,normal,0.47,0.63,triangulated,green,28,37,34,2026-08-11,0.5483269120766198,1.8235,
ex12-48,Aron,Legend Maker,48,reverse_holo,20,26,triangulated,amber,3,2,2,2026-08-04,22.962999999999997,17.416,
ex12-5,Gengar,Legend Maker,5,holo,98,199,triangulated,green,36,11,10,2026-08-04,151.35005681035457,115.9145,
ex12-5,Gengar,Legend Maker,5,reverse_holo,126,254,triangulated,amber,3,1,0,2026-07-29,474.499,230.4675,
ex12-50,Chinchou,Legend Maker,50,normal,0.83,1.67,triangulated,conflict,29,6,6,2026-08-04,0.6113897422266492,1.91670075,0.31
ex12-50,Chinchou,Legend Maker,50,reverse_holo,15,20,triangulated,conflict,6,3,2,2026-08-06,18.262,17.179,0.35
ex12-52,Gastly,Legend Maker,52,holo,33,67,triangulated,red,0,40,37,2026-08-11,77.27,55.0,51.34
ex12-52,Gastly,Legend Maker,52,normal,7.37,15,triangulated,green,52,4,4,2026-08-04,1.4438203189376213,2.19,
ex12-52,Gastly,Legend Maker,52,reverse_holo,83,112,triangulated,green,5,4,4,2026-08-04,97.673,55.293000000000006,
ex12-53,Geodude,Legend Maker,53,holo,10,21,triangulated,red,0,46,40,2026-08-11,26.14,16.99,50.27
ex12-53,Geodude,Legend Maker,53,normal,0.36,0.49,triangulated,conflict,30,3,3,2026-08-04,0.42261853141766803,1.99,0.32
ex12-53,Geodude,Legend Maker,53,reverse_holo,8.6,17,triangulated,amber,3,2,2,2026-08-04,20.627,19.053,
ex12-54,Grimer,Legend Maker,54,holo,20,27,triangulated,conflict,4,23,21,2026-08-04,23.7535,19.99,8.9
ex12-54,Grimer,Legend Maker,54,normal,1.27,1.72,triangulated,green,26,3,3,2026-08-04,1.4956650197690151,2.46,
ex12-54,Grimer,Legend Maker,54,reverse_holo,31,42,triangulated,green,10,1,1,2026-08-04,36.540000000000006,20.341,
ex12-55,Growlithe,Legend Maker,55,holo,106,144,triangulated,conflict,6,12,12,2026-08-11,124.995,139.99,21.48
ex12-55,Growlithe,Legend Maker,55,normal,5.24,7.09,triangulated,green,52,2,2,2026-08-04,6.168709279943873,3.1940000000000004,
ex12-55,Growlithe,Legend Maker,55,reverse_holo,119,161,triangulated,conflict,6,12,12,2026-08-11,139.995,75.53,24.05
ex12-56,Lileep,Legend Maker,56,holo,13,18,triangulated,conflict,3,41,36,2026-08-11,15.311000000000002,,23.56
ex12-56,Lileep,Legend Maker,56,normal,0.46,0.62,triangulated,green,19,2,1,2026-08-04,0.5407018276865772,1.99,
ex12-56,Lileep,Legend Maker,56,reverse_holo,8.99,13,triangulated,green,5,6,4,2026-08-04,11.99,8.841000000000001,
ex12-58,Magby,Legend Maker,58,holo,21,42,triangulated,red,0,21,19,2026-08-11,28.58,,7.54
ex12-58,Magby,Legend Maker,58,normal,2.99,4.05,triangulated,green,46,6,4,2026-08-04,3.5184915785036934,2.975,
ex12-58,Magby,Legend Maker,58,reverse_holo,29,39,triangulated,amber,3,1,1,2026-08-04,34.047,20.557499999999997,
ex12-59,Magnemite,Legend Maker,59,normal,1.12,1.51,triangulated,green,24,3,2,2026-08-04,1.3153898722724833,1.626,
ex12-59,Magnemite,Legend Maker,59,reverse_holo,4.06,8.2,triangulated,green,10,4,3,2026-08-04,17.648500000000002,11.062000000000001,
ex12-6,Golem,Legend Maker,6,holo,6.88,14,triangulated,red,0,16,13,2026-08-04,27.835,7.565500000000001,
ex12-6,Golem,Legend Maker,6,reverse_holo,6.8,9.2,triangulated,green,7,1,1,2026-08-04,8.0,22.404,
ex12-60,Omanyte,Legend Maker,60,normal,23,46,triangulated,green,67,2,2,2026-08-04,16.760815565065666,12.217,
ex12-60,Omanyte,Legend Maker,60,reverse_holo,125,169,triangulated,amber,3,1,1,2026-08-04,147.05100000000002,97.172,
ex12-64,Skitty,Legend Maker,64,normal,0.91,1.23,triangulated,green,36,29,22,2026-08-11,1.0717862218587593,2.46,
ex12-64,Skitty,Legend Maker,64,reverse_holo,23,32,triangulated,green,10,8,5,2026-08-04,27.587,28.450000000000003,
ex12-66,Tentacool,Legend Maker,66,holo,15,21,triangulated,amber,3,1,1,2026-08-04,18.03,,
ex12-66,Tentacool,Legend Maker,66,normal,2.3,3.12,triangulated,green,15,4,3,2026-08-04,2.711312154608029,1.7279999999999998,
ex12-66,Tentacool,Legend Maker,66,reverse_holo,18,37,triangulated,green,11,4,4,2026-08-04,20.45784466,13.663,
ex12-67,Trapinch,Legend Maker,67,holo,15,21,triangulated,conflict,3,17,17,2026-08-11,18.107,18.7,12.49
ex12-67,Trapinch,Legend Maker,67,normal,0.74,1.0,triangulated,green,32,2,2,2026-08-04,0.8697090241695421,2.41,
ex12-67,Trapinch,Legend Maker,67,reverse_holo,13,18,triangulated,amber,3,1,1,2026-08-04,15.528,18.3195,
ex12-68,Voltorb,Legend Maker,68,normal,1.74,2.36,triangulated,green,5,4,4,2026-08-04,2.0522882228771646,1.89,
ex12-68,Voltorb,Legend Maker,68,reverse_holo,14,20,triangulated,green,6,1,1,2026-08-04,20.062499999999996,16.967,
ex12-69,Wailmer,Legend Maker,69,holo,26,53,triangulated,red,0,12,12,2026-08-11,55.57,43.0,30.53
ex12-69,Wailmer,Legend Maker,69,normal,1.5,2.03,triangulated,green,51,12,12,2026-08-11,1.7632427832798283,1.872,
ex12-69,Wailmer,Legend Maker,69,reverse_holo,7.45,15,triangulated,green,8,1,1,2026-08-04,49.911,36.06250000000001,
ex12-7,Kabutops,Legend Maker,7,holo,55,74,triangulated,green,23,14,9,2026-08-11,64.33205962128875,26.762398375,
ex12-7,Kabutops,Legend Maker,7,reverse_holo,128,172,triangulated,green,5,1,1,2026-08-04,150.0,62.495,
ex12-71,Wynaut,Legend Maker,71,holo,9.17,19,triangulated,red,0,1,1,2026-08-04,29.52,15.12,
ex12-71,Wynaut,Legend Maker,71,normal,4.21,5.7,triangulated,green,53,3,3,2026-08-04,4.952463339239517,4.165,
ex12-71,Wynaut,Legend Maker,71,reverse_holo,25,34,triangulated,green,5,3,3,2026-08-04,29.744999999999997,25.6225,
ex12-8,Lapras,Legend Maker,8,holo,32,65,triangulated,green,17,10,10,2026-08-04,53.64132735329189,37.822500000000005,
ex12-8,Lapras,Legend Maker,8,reverse_holo,59,101,triangulated,amber,3,3,3,2026-08-04,100.474,79.536,
ex12-83,Arcanine ex,Legend Maker,83,holo,266,479,triangulated,green,8,7,7,2026-08-04,430.96304083683714,330.432,
ex12-84,Armaldo ex,Legend Maker,84,holo,18,35,triangulated,green,6,2,2,2026-08-11,123.5851163260122,86.522,
ex12-85,Banette ex,Legend Maker,85,holo,135,183,triangulated,green,5,4,3,2026-08-11,158.89367750128866,96.394,
ex12-86,Dustox ex,Legend Maker,86,holo,60,82,triangulated,green,6,2,2,2026-08-04,70.88694319631733,45.931000000000004,
ex12-87,Flygon ex,Legend Maker,87,holo,206,279,triangulated,amber,3,9,9,2026-08-04,242.80146010169463,194.462,
ex12-88,Mew ex,Legend Maker,88,holo,20,27,triangulated,conflict,3,10,10,2026-08-11,23.456249984321232,248.99,0.35
ex12-89,Walrein ex,Legend Maker,89,holo,75,101,triangulated,green,8,3,3,2026-08-03,88.25965914091815,64.39,
ex12-9,Machamp,Legend Maker,9,holo,24,49,triangulated,red,0,9,9,2026-08-11,24.99,19.802,
ex12-9,Machamp,Legend Maker,9,reverse_holo,9.89,20,triangulated,amber,4,5,5,2026-08-04,45.490500000000004,33.46,
bw11-101,White Kyurem-EX,Legendary Treasures,101,holo,3.18,5.64,triangulated,green,26,28,28,2026-08-11,5.424592112740812,4.784,
bw11-102,Lugia-EX,Legendary Treasures,102,holo,7.98,16,triangulated,green,29,24,24,2026-08-04,33.9733387419976,20.245,
bw11-54,Mewtwo-EX,Legendary Treasures,54,holo,4.85,9.8,triangulated,green,34,31,28,2026-08-04,15.05917216020025,12.555499999999999,
bw11-82,Excadrill-EX,Legendary Treasures,82,holo,4.07,5.24,triangulated,green,8,11,9,2026-08-11,4.068879481361275,4.748500000000001,
bw11-88,Darkrai-EX,Legendary Treasures,88,holo,17,27,triangulated,green,16,11,10,2026-08-04,22.829117664665436,12.089,
dp6-24,Deoxys Attack Forme,Legends Awakened,24,normal,0.81,1.64,triangulated,red,0,4,2,2026-08-04,11.1,7.7,2.22
dp6-24,Deoxys Attack Forme,Legends Awakened,24,reverse_holo,18,36,triangulated,green,18,3,3,2026-08-04,15.769750742713313,16.548,
dp6-25,Deoxys Defense Forme,Legends Awakened,25,normal,11,15,triangulated,conflict,5,3,3,2026-08-04,13.431284130064405,4.147,2.99
dp6-25,Deoxys Defense Forme,Legends Awakened,25,reverse_holo,12,24,triangulated,red,0,1,1,2026-08-02,27.5,16.44,
dp6-26,Deoxys Speed Forme,Legends Awakened,26,normal,7.79,11,triangulated,green,12,11,10,2026-08-04,9.169772038660017,6.018,
dp6-26,Deoxys Speed Forme,Legends Awakened,26,reverse_holo,17,34,triangulated,red,0,3,3,2026-08-04,19.72,15.636999999999999,
dp6-29,Groudon,Legends Awakened,29,normal,17,22,triangulated,green,13,2,2,2026-08-04,19.489763608385207,5.7725,
dp6-29,Groudon,Legends Awakened,29,reverse_holo,16,33,triangulated,red,0,7,3,2026-08-04,29.17,15.543,
dp6-31,Jirachi,Legends Awakened,31,normal,13,18,triangulated,conflict,12,4,4,2026-08-04,15.4019782826979,10.735,2.46
dp6-31,Jirachi,Legends Awakened,31,reverse_holo,18,37,triangulated,red,0,3,3,2026-08-04,69.79,21.301000000000002,3.33
dp6-36,Regice,Legends Awakened,36,normal,6.3,8.52,triangulated,green,11,15,11,2026-08-11,7.40706920826392,5.3134999999999994,
dp6-36,Regice,Legends Awakened,36,reverse_holo,10,21,triangulated,red,0,4,3,2026-08-04,15.48,8.89,
dp6-42,Unown [!],Legends Awakened,42,normal,9.56,19,triangulated,green,24,2,2,2026-08-04,21.526772674481755,20.029,
dp6-42,Unown [!],Legends Awakened,42,reverse_holo,21,43,triangulated,red,0,14,12,2026-08-04,32.08,20.3245,
dp6-43,Uxie,Legends Awakened,43,holo,15,21,triangulated,amber,3,21,17,2026-08-06,17.9118,3.19,
dp6-43,Uxie,Legends Awakened,43,normal,13,18,triangulated,green,17,4,4,2026-08-04,15.881896863995886,11.271500000000001,
dp6-43,Uxie,Legends Awakened,43,reverse_holo,14,20,triangulated,amber,4,6,6,2026-08-04,17.771,15.303,
dp5-1,Articuno,Majestic Dawn,1,holo,32,64,triangulated,red,0,9,8,2026-08-04,61.47,30.641,
dp5-1,Articuno,Majestic Dawn,1,reverse_holo,22,43,triangulated,red,0,9,8,2026-08-04,61.47,20.692,
dp5-11,Palkia,Majestic Dawn,11,holo,16,33,triangulated,green,7,5,3,2026-08-04,42.424086360747346,32.689,
dp5-11,Palkia,Majestic Dawn,11,reverse_holo,13,17,triangulated,amber,3,1,1,2026-08-11,14.763,18.079,
dp5-14,Zapdos,Majestic Dawn,14,holo,31,46,triangulated,green,13,10,8,2026-08-04,34.354629880826835,20.841,
dp5-14,Zapdos,Majestic Dawn,14,reverse_holo,16,32,triangulated,red,0,8,4,2026-08-04,28.81,15.248,
dp5-2,Cresselia,Majestic Dawn,2,holo,11,17,triangulated,green,11,9,4,2026-08-04,11.613629845801638,8.568,
dp5-2,Cresselia,Majestic Dawn,2,reverse_holo,8.95,12,triangulated,amber,3,7,5,2026-08-04,10.526,7.2155000000000005,
dp5-3,Darkrai,Majestic Dawn,3,holo,44,59,triangulated,green,5,8,8,2026-08-11,51.474731437961175,39.31,
dp5-3,Darkrai,Majestic Dawn,3,reverse_holo,64,129,triangulated,red,0,2,2,2026-08-04,50.0,57.69,
dp5-4,Dialga,Majestic Dawn,4,holo,23,30,triangulated,amber,11,6,4,2026-08-04,26.503184926696125,24.303,
dp5-4,Dialga,Majestic Dawn,4,reverse_holo,16,32,triangulated,red,0,6,4,2026-08-04,27.3,15.172,
dp5-5,Glaceon,Majestic Dawn,5,holo,113,229,triangulated,amber,9,15,14,2026-08-04,126.75680269516593,97.21199999999999,
dp5-5,Glaceon,Majestic Dawn,5,reverse_holo,40,82,triangulated,red,0,3,2,2026-08-04,139.99,38.7835,
dp5-6,Kabutops,Majestic Dawn,6,holo,22,30,triangulated,green,18,6,5,2026-08-04,26.201064235934563,17.758000000000003,
dp5-6,Kabutops,Majestic Dawn,6,reverse_holo,7.77,16,triangulated,red,0,5,4,2026-08-04,24.5,7.4670000000000005,3.55
dp5-7,Leafeon,Majestic Dawn,7,holo,60,81,triangulated,green,10,3,3,2026-08-04,70.049099231536,55.30650000000001,
dp5-7,Leafeon,Majestic Dawn,7,reverse_holo,26,53,triangulated,red,0,3,3,2026-08-04,52.0,31.325,
dp5-9,Mewtwo,Majestic Dawn,9,holo,22,44,triangulated,green,5,9,4,2026-08-04,86.64018838172105,49.449944300000006,
dp5-9,Mewtwo,Majestic Dawn,9,reverse_holo,3.78,7.64,triangulated,red,0,5,4,2026-08-04,27.97,39.99,
bw4-10,Growlithe,Next Destinies,10,holo,2.17,4.38,triangulated,red,0,43,40,2026-08-11,23.52,,28.51
bw4-10,Growlithe,Next Destinies,10,normal,0.51,0.69,triangulated,green,24,2,2,2026-08-04,0.5965114408473837,2.46,
bw4-10,Growlithe,Next Destinies,10,reverse_holo,15,21,triangulated,green,6,4,4,2026-08-04,18.011999999999997,17.18,
bw4-22,Reshiram-EX,Next Destinies,22,holo,14,23,triangulated,green,16,7,7,2026-08-04,13.953203372938859,14.656,
bw4-3,Kricketot,Next Destinies,3,normal,0.2,0.27,triangulated,conflict,21,5,5,2026-08-04,0.23537817538967912,0.2,0.13
bw4-3,Kricketot,Next Destinies,3,reverse_holo,1.59,3.2,triangulated,red,0,8,6,2026-08-04,0.66,1.5876925599999998,0.3
bw4-36,Cubchoo,Next Destinies,36,normal,0.16,0.22,triangulated,green,21,1,1,2026-08-04,0.19121226271750297,0.17,
bw4-36,Cubchoo,Next Destinies,36,reverse_holo,1.59,2.15,triangulated,amber,3,6,5,2026-08-04,1.873,1.9,
bw4-39,Pikachu,Next Destinies,39,holo,15,30,triangulated,red,0,82,63,2026-08-04,29.56,,6.72
bw4-39,Pikachu,Next Destinies,39,normal,4.11,5.56,triangulated,green,70,18,15,2026-08-04,4.83848741649127,3.7225,
bw4-39,Pikachu,Next Destinies,39,reverse_holo,21,37,triangulated,green,5,5,4,2026-08-04,20.617,11.571000000000002,
bw4-47,Blitzle,Next Destinies,47,normal,0.22,0.3,triangulated,green,28,2,2,2026-08-04,0.2602335586844938,1.79,
bw4-47,Blitzle,Next Destinies,47,reverse_holo,46,92,triangulated,red,0,7,7,2026-08-04,0.7,0.67,0.33
bw4-51,Zekrom-EX,Next Destinies,51,holo,7.21,15,triangulated,green,20,5,5,2026-08-04,22.095841720998255,14.812000000000001,
bw4-54,Mewtwo-EX,Next Destinies,54,holo,24,33,triangulated,green,19,20,17,2026-08-04,28.676407134219986,8.559000000000001,
bw4-83,Pidove,Next Destinies,83,normal,0.37,0.49,triangulated,green,31,1,0,2026-07-20,0.42995452120449223,2.09,
bw4-83,Pidove,Next Destinies,83,reverse_holo,1.3,1.76,triangulated,amber,3,4,3,2026-08-04,1.5340000000000003,1.9565000000000001,
bw10-30,Kyurem-EX,Plasma Blast,30,holo,12,16,triangulated,conflict,11,4,4,2026-08-04,13.933866565069593,8.673000000000002,3.28
bw10-60,Jirachi-EX,Plasma Blast,60,holo,16,31,triangulated,green,19,10,10,2026-08-04,21.23159185460352,15.336500000000001,
bw10-65,Dialga-EX,Plasma Blast,65,holo,25,34,triangulated,green,12,19,16,2026-08-04,29.173696944368636,15.8965,
bw9-53,Deoxys-EX,Plasma Freeze,53,holo,27,36,triangulated,green,13,0,0,,31.476526729312106,22.056,
bw9-64,Umbreon,Plasma Freeze,64,holo,60,106,triangulated,green,34,11,10,2026-08-04,77.07727001746652,16.869999999999997,
bw9-64,Umbreon,Plasma Freeze,64,normal,23,35,triangulated,green,10,12,12,2026-08-04,25.927500000000002,19.518499999999996,
bw9-64,Umbreon,Plasma Freeze,64,reverse_holo,50,101,triangulated,green,8,4,4,2026-08-04,99.9895,70.25699999999999,
bw9-67,Absol,Plasma Freeze,67,holo,13,18,triangulated,green,33,13,9,2026-08-04,17.643577501820058,4.0,
bw9-67,Absol,Plasma Freeze,67,normal,9.99,20,triangulated,red,0,1,1,2026-08-04,7.0,9.999,
bw9-67,Absol,Plasma Freeze,67,reverse_holo,14,27,triangulated,amber,3,2,2,2026-08-04,21.014,14.061,
bw9-83,Dragonite,Plasma Freeze,83,holo,20,27,triangulated,green,33,0,0,,24.53135943328642,15.47,
bw9-83,Dragonite,Plasma Freeze,83,other,,,,red,0,0,0,,31.98,27.53,
bw9-83,Dragonite,Plasma Freeze,83,reverse_holo,12,24,triangulated,amber,3,0,0,,35.525,32.667,
bw9-85,Latias-EX,Plasma Freeze,85,holo,37,50,triangulated,green,15,5,5,2026-08-04,43.629601481129505,20.207,
bw9-86,Latios-EX,Plasma Freeze,86,holo,20,27,triangulated,green,8,20,20,2026-08-11,23.35134894300034,12.83,
bw8-108,Lugia-EX,Plasma Storm,108,holo,53,103,triangulated,green,23,9,8,2026-08-04,52.81593069860968,32.4915,
bw8-14,Moltres-EX,Plasma Storm,14,holo,6.25,10,triangulated,green,53,50,44,2026-08-04,9.643803947729495,8.301,
bw8-25,Articuno-EX,Plasma Storm,25,holo,14,20,triangulated,green,61,30,25,2026-08-04,16.92070380652387,10.556,
bw8-48,Zapdos-EX,Plasma Storm,48,holo,7.96,13,triangulated,green,49,41,34,2026-08-04,11.45950679859823,7.043500000000001,
bw8-95,Black Kyurem-EX,Plasma Storm,95,holo,4.51,6.01,triangulated,green,60,71,67,2026-08-11,5.0359088239107885,5.126,
pl1-1,Ampharos,Platinum,1,holo,11,21,triangulated,green,19,2,2,2026-08-04,26.385909011169375,16.189,
pl1-1,Ampharos,Platinum,1,normal,2.7,5.45,triangulated,red,0,8,7,2026-08-04,2.0,,0.13
pl1-1,Ampharos,Platinum,1,reverse_holo,12,22,triangulated,red,0,1,1,2026-08-04,23.75,14.67,
pl1-10,Giratina,Platinum,10,holo,65,130,triangulated,conflict,10,4,4,2026-08-04,64.67883546543897,63.957,2.73
pl1-10,Giratina,Platinum,10,reverse_holo,30,54,triangulated,red,0,5,4,2026-08-04,99.83,34.733000000000004,3.25
pl1-12,Palkia G,Platinum,12,holo,14,28,triangulated,green,9,6,6,2026-08-04,12.926980131577835,11.6475,
pl1-12,Palkia G,Platinum,12,normal,1.94,3.92,triangulated,red,0,8,8,2026-08-04,114.1236846,,10.74
pl1-12,Palkia G,Platinum,12,reverse_holo,17,34,triangulated,red,0,2,2,2026-08-04,23.0,8.62,
pl1-14,Shaymin,Platinum,14,holo,10,21,triangulated,green,13,9,7,2026-08-04,19.60830728015843,13.427000000000001,
pl1-14,Shaymin,Platinum,14,reverse_holo,12,24,triangulated,amber,4,3,3,2026-08-03,11.358,9.705,
pl1-15,Shaymin,Platinum,15,holo,8.69,12,triangulated,green,14,1,1,2026-08-04,10.220755324012739,9.89,
pl1-15,Shaymin,Platinum,15,normal,1.65,3.33,triangulated,red,0,6,6,2026-08-04,65.0,48.5,9.0
pl1-15,Shaymin,Platinum,15,reverse_holo,7.14,13,triangulated,red,0,4,4,2026-08-04,9.43,7.798000000000001,
pl1-19,Banette,Platinum,19,holo,62,126,triangulated,red,0,6,6,2026-08-11,25.3608188,,2.18
pl1-19,Banette,Platinum,19,normal,11,23,triangulated,green,17,6,6,2026-08-11,9.927135003433655,8.860500000000002,
pl1-19,Banette,Platinum,19,reverse_holo,13,27,triangulated,amber,3,1,1,2026-08-04,10.077,16.037999999999997,
pl1-2,Blastoise,Platinum,2,holo,37,52,triangulated,green,9,5,5,2026-08-04,37.431430621752966,30.314,
pl1-2,Blastoise,Platinum,2,normal,20,41,triangulated,red,0,12,10,2026-08-04,12.0,,0.35
pl1-2,Blastoise,Platinum,2,reverse_holo,14,29,triangulated,red,0,5,3,2026-08-04,35.0,30.019,0.3
pl1-27,Giratina,Platinum,27,holo,51,103,triangulated,red,0,7,6,2026-08-04,19.0206141,,
pl1-27,Giratina,Platinum,27,normal,10,14,triangulated,green,16,1,1,2026-08-04,12.08594024943837,5.62,
pl1-27,Giratina,Platinum,27,reverse_holo,12,21,triangulated,red,0,2,2,2026-08-04,24.99,12.633500000000002,
pl1-28,Giratina,Platinum,28,holo,12,24,triangulated,amber,33,9,8,2026-08-04,10.547055520259478,12.617999999999999,
pl1-28,Giratina,Platinum,28,normal,13,27,triangulated,amber,3,4,3,2026-08-04,7.316000000000001,4.28,
pl1-28,Giratina,Platinum,28,reverse_holo,14,26,triangulated,red,0,4,3,2026-08-04,29.99,15.251,2.55
pl1-3,Blaziken,Platinum,3,holo,18,24,triangulated,green,9,7,5,2026-08-04,20.728284724879614,11.720000000000002,
pl1-3,Blaziken,Platinum,3,normal,12,24,triangulated,red,0,14,12,2026-08-04,7.60824564,6.0,
pl1-3,Blaziken,Platinum,3,reverse_holo,11,20,triangulated,red,0,4,4,2026-08-04,20.07,11.97,2.14
pl1-30,Gyarados G,Platinum,30,normal,11,22,triangulated,green,17,2,2,2026-08-04,12.141556679208481,9.678999999999998,
pl1-30,Gyarados G,Platinum,30,reverse_holo,23,46,triangulated,red,0,3,3,2026-08-04,56.09,22.466,2.61
pl1-36,Ninetales,Platinum,36,holo,29,59,triangulated,red,0,13,11,2026-08-06,190.206141,,32.38
pl1-36,Ninetales,Platinum,36,normal,6.41,8.68,triangulated,green,28,3,3,2026-08-04,7.546742843592375,4.174,
pl1-36,Ninetales,Platinum,36,reverse_holo,16,33,triangulated,amber,3,3,2,2026-08-04,16.112000000000002,16.732,
pl1-5,Dialga,Platinum,5,holo,13,19,triangulated,conflict,21,3,3,2026-08-04,13.22152645334418,9.952,2.23
pl1-5,Dialga,Platinum,5,normal,1.66,3.35,triangulated,red,0,6,6,2026-08-04,27.0,,3.1
pl1-5,Dialga,Platinum,5,reverse_holo,7.62,14,triangulated,red,0,3,3,2026-08-04,10.72,8.318,
pl1-6,Dialga,Platinum,6,holo,13,18,triangulated,green,9,6,6,2026-08-06,15.498190296126092,9.6255,
pl1-6,Dialga,Platinum,6,reverse_holo,14,28,triangulated,red,0,2,2,2026-08-04,11.59,7.15,
pl1-7,Dialga G,Platinum,7,holo,9.05,18,triangulated,green,9,7,6,2026-08-04,11.277000000000001,9.609,
pl1-7,Dialga G,Platinum,7,reverse_holo,10,14,triangulated,green,28,2,2,2026-08-04,11.841453574696521,10.355,
pl1-8,Gardevoir,Platinum,8,holo,16,33,triangulated,green,18,4,4,2026-08-04,32.92591643005403,20.645,
pl1-8,Gardevoir,Platinum,8,normal,3.44,6.94,triangulated,red,0,1,1,2026-08-02,9.51,4.32,
pl1-8,Gardevoir,Platinum,8,reverse_holo,14,25,triangulated,red,0,1,1,2026-08-04,45.72,14.758000000000001,
pl1-9,Giratina,Platinum,9,holo,38,76,triangulated,green,23,6,5,2026-08-04,29.52663336265651,29.216,
pl1-9,Giratina,Platinum,9,normal,22,45,triangulated,red,0,1,1,2026-08-04,199.99,129.99,
pl1-9,Giratina,Platinum,9,reverse_holo,43,87,triangulated,amber,3,1,1,2026-08-02,19.294,13.191,
ex16-1,Aggron,Power Keepers,1,holo,19,39,triangulated,green,13,20,16,2026-08-04,19.013018317218442,11.89,
ex16-1,Aggron,Power Keepers,1,reverse_holo,21,42,triangulated,amber,3,1,1,2026-08-04,11.749,24.902,
ex16-10,Kabutops,Power Keepers,10,holo,9.36,19,triangulated,red,0,11,10,2026-08-04,16.89,12.046999999999999,
ex16-10,Kabutops,Power Keepers,10,reverse_holo,15,30,triangulated,red,0,1,1,2026-08-04,31.2,25.637,
ex16-11,Machamp,Power Keepers,11,holo,18,30,triangulated,green,35,12,12,2026-08-04,18.37886983263926,10.414000000000001,
ex16-11,Machamp,Power Keepers,11,reverse_holo,17,24,triangulated,amber,4,1,1,2026-08-04,20.487499999999997,42.915,
ex16-12,Raichu,Power Keepers,12,holo,20,34,triangulated,green,13,12,12,2026-08-04,30.416508940504897,20.3345,
ex16-12,Raichu,Power Keepers,12,reverse_holo,27,55,triangulated,amber,4,3,3,2026-08-04,56.82650000000001,40.905,
ex16-13,Slaking,Power Keepers,13,holo,5.9,7.98,triangulated,green,15,24,18,2026-08-06,6.939807808179763,5.8100000000000005,
ex16-13,Slaking,Power Keepers,13,reverse_holo,10,21,triangulated,red,0,4,4,2026-08-04,3.98,8.801,0.15
ex16-15,Lanturn,Power Keepers,15,normal,0.97,1.31,triangulated,green,5,3,3,2026-08-04,1.1379203756709433,0.64,
ex16-15,Lanturn,Power Keepers,15,reverse_holo,10,21,triangulated,conflict,3,7,6,2026-08-04,8.28863183,10.189,0.43
ex16-16,Magneton,Power Keepers,16,holo,17,23,triangulated,conflict,3,19,17,2026-08-04,20.084,,4.45
ex16-16,Magneton,Power Keepers,16,normal,7.21,9.75,triangulated,conflict,19,5,5,2026-08-04,8.478493473058364,1.04885168,2.72
ex16-16,Magneton,Power Keepers,16,reverse_holo,12,17,triangulated,green,5,6,5,2026-08-04,14.364,8.791,
ex16-17,Mawile,Power Keepers,17,normal,2.39,3.24,triangulated,green,19,2,2,2026-08-04,2.8148374110881056,4.30426586,
ex16-17,Mawile,Power Keepers,17,reverse_holo,17,23,triangulated,amber,3,1,1,2026-08-04,20.194000000000003,10.815,
ex16-18,Mightyena,Power Keepers,18,holo,8.49,11,triangulated,green,5,15,15,2026-08-04,9.99,7.795,
ex16-18,Mightyena,Power Keepers,18,normal,2.1,2.84,triangulated,green,16,4,4,2026-08-04,2.4661193053231436,2.42,
ex16-18,Mightyena,Power Keepers,18,other,3.13,7.95,book,red,0,43,38,2026-08-06,10.73,5.57,
ex16-18,Mightyena,Power Keepers,18,reverse_holo,15,21,triangulated,amber,3,7,7,2026-08-06,17.999,11.806000000000001,
ex16-19,Ninetales,Power Keepers,19,holo,37,74,triangulated,red,0,16,12,2026-08-11,14.5,47.0,0.47
ex16-19,Ninetales,Power Keepers,19,normal,23,47,triangulated,green,16,5,4,2026-08-04,10.420044211847454,7.2365,
ex16-19,Ninetales,Power Keepers,19,reverse_holo,71,96,triangulated,amber,3,8,5,2026-08-04,83.498,92.774,
ex16-2,Altaria,Power Keepers,2,holo,8.78,18,triangulated,green,18,13,11,2026-08-04,20.36372143366972,3.477,
ex16-2,Altaria,Power Keepers,2,reverse_holo,17,24,triangulated,amber,3,1,0,2026-08-04,20.5,20.575000000000003,
ex16-22,Sableye,Power Keepers,22,normal,1.17,1.58,triangulated,green,14,6,6,2026-08-04,1.3762445886733643,1.99,
ex16-22,Sableye,Power Keepers,22,reverse_holo,24,32,triangulated,green,5,2,1,2026-08-04,27.887,19.618,
ex16-3,Armaldo,Power Keepers,3,holo,11,15,triangulated,green,32,17,14,2026-08-04,13.139559745588318,6.332000000000001,
ex16-3,Armaldo,Power Keepers,3,reverse_holo,15,21,triangulated,amber,3,5,3,2026-08-04,18.035,9.965,
ex16-48,Charmander,Power Keepers,48,holo,36,72,triangulated,red,0,32,30,2026-08-06,5.5,45.99,
ex16-48,Charmander,Power Keepers,48,normal,3.86,6.29,triangulated,green,60,5,5,2026-08-04,3.8559895454935855,2.465,
ex16-48,Charmander,Power Keepers,48,reverse_holo,49,100,triangulated,red,0,2,1,2026-08-04,24.98,63.484,
ex16-5,Blaziken,Power Keepers,5,holo,37,74,triangulated,green,25,15,14,2026-08-04,32.92150874328682,20.058,
ex16-5,Blaziken,Power Keepers,5,reverse_holo,88,118,triangulated,green,5,6,6,2026-08-04,102.959,78.767,
ex16-50,Duskull,Power Keepers,50,normal,0.31,0.42,triangulated,green,14,2,2,2026-08-04,0.3621049977450671,1.88,
ex16-50,Duskull,Power Keepers,50,reverse_holo,14,18,triangulated,amber,3,6,5,2026-08-04,16.116,9.501999999999999,
ex16-55,Meditite,Power Keepers,55,holo,13,18,triangulated,amber,3,1,1,2026-08-02,15.391,,
ex16-55,Meditite,Power Keepers,55,normal,0.29,0.4,triangulated,green,7,2,2,2026-08-04,0.3440137622865335,0.31,
ex16-55,Meditite,Power Keepers,55,reverse_holo,9.1,12,triangulated,amber,3,3,3,2026-08-04,10.702,5.023,
ex16-57,Pikachu,Power Keepers,57,holo,7.99,11,triangulated,amber,4,34,29,2026-08-04,9.404,,
ex16-57,Pikachu,Power Keepers,57,normal,9.12,12,triangulated,green,52,16,14,2026-08-04,10.727866048855018,7.8285,
ex16-57,Pikachu,Power Keepers,57,reverse_holo,83,168,triangulated,red,0,2,2,2026-08-04,38.32,106.9415,
ex16-6,Charizard,Power Keepers,6,holo,193,261,triangulated,green,22,14,10,2026-08-04,226.57895277761872,131.63400000000001,
ex16-6,Charizard,Power Keepers,6,reverse_holo,177,357,triangulated,red,0,9,5,2026-08-04,272.97,195.86800000000002,
ex16-62,Skitty,Power Keepers,62,normal,1.4,1.89,triangulated,green,55,6,6,2026-08-04,1.6429806726325313,1.938,
ex16-62,Skitty,Power Keepers,62,reverse_holo,14,28,triangulated,red,0,30,27,2026-08-11,48.77,17.538,27.87
ex16-63,Slakoth,Power Keepers,63,holo,24,32,triangulated,amber,4,1,1,2026-08-04,27.947499999999998,,
ex16-63,Slakoth,Power Keepers,63,normal,1.09,1.48,triangulated,green,34,6,6,2026-08-04,1.2840615545745244,1.99,
ex16-63,Slakoth,Power Keepers,63,reverse_holo,21,29,triangulated,green,5,8,3,2026-08-04,24.887,15.119,
ex16-67,Torchic,Power Keepers,67,holo,14,28,triangulated,red,0,62,52,2026-08-06,0.75,17.99,0.44
ex16-67,Torchic,Power Keepers,67,normal,0.55,0.74,triangulated,conflict,26,9,9,2026-08-04,0.6431734053333789,1.99,0.41
ex16-67,Torchic,Power Keepers,67,reverse_holo,56,76,triangulated,green,5,7,7,2026-08-06,65.696,19.967,
ex16-7,Cradily,Power Keepers,7,holo,6.62,13,triangulated,green,19,14,11,2026-08-04,11.773754482748611,6.763,
ex16-7,Cradily,Power Keepers,7,reverse_holo,14,22,triangulated,amber,3,8,8,2026-08-04,13.709,14.076,
ex16-9,Gardevoir,Power Keepers,9,holo,22,43,triangulated,red,0,10,10,2026-08-04,53.33,27.686999999999998,2.7
ex16-9,Gardevoir,Power Keepers,9,normal,4.82,9.74,triangulated,red,0,2,2,2026-08-04,15.81,6.2014258600000005,
ex16-9,Gardevoir,Power Keepers,9,reverse_holo,38,77,triangulated,red,0,2,2,2026-08-04,53.33,49.359,
ex16-92,Absol ex,Power Keepers,92,holo,178,240,triangulated,green,8,6,5,2026-08-11,209.00935111224518,102.46179997000002,
ex16-93,Claydol ex,Power Keepers,93,holo,59,80,triangulated,green,11,22,19,2026-08-04,69.89224363970551,43.39,
ex16-94,Flygon ex,Power Keepers,94,holo,43,87,triangulated,green,8,18,16,2026-08-11,113.4581387687625,69.979,
ex16-95,Metagross ex,Power Keepers,95,holo,89,121,triangulated,green,7,13,11,2026-08-04,104.84336613502188,69.981,
ex16-96,Salamence ex,Power Keepers,96,holo,169,229,triangulated,amber,3,21,17,2026-08-04,199.18061693487414,157.6845,
ex16-97,Shiftry ex,Power Keepers,97,holo,43,65,triangulated,green,9,12,8,2026-08-11,56.56996514376887,35.818000000000005,
ex16-98,Skarmory ex,Power Keepers,98,holo,19,38,triangulated,amber,2,10,8,2026-08-11,71.68542112604253,82.67,
ex16-99,Walrein ex,Power Keepers,99,holo,53,72,triangulated,green,6,14,10,2026-08-11,62.94109961275378,38.826499999999996,
ex2-100,Wailord ex,Sandstorm,100,holo,117,158,triangulated,green,21,24,18,2026-08-04,137.71559156451622,103.029,
ex2-56,Aron,Sandstorm,56,normal,1.24,1.67,triangulated,green,26,3,3,2026-08-04,1.4555187038242043,2.142,
ex2-56,Aron,Sandstorm,56,reverse_holo,9.19,12,triangulated,amber,3,3,2,2026-08-04,10.813,7.152,
ex2-58,Cacnea,Sandstorm,58,normal,0.82,1.11,triangulated,green,13,2,2,2026-08-04,0.963680433008626,1.96,
ex2-58,Cacnea,Sandstorm,58,reverse_holo,4.53,9.15,triangulated,red,0,3,2,2026-08-04,9.66,6.5504999999999995,0.21
ex2-59,Cyndaquil,Sandstorm,59,normal,5.62,11,triangulated,green,72,3,3,2026-08-04,2.58412700246779,2.5045,
ex2-59,Cyndaquil,Sandstorm,59,reverse_holo,22,27,triangulated,conflict,3,5,3,2026-08-04,22.282,19.167,0.28
ex2-60,Dunsparce,Sandstorm,60,normal,1.83,2.47,triangulated,green,41,7,7,2026-08-04,2.1508046372052547,2.2095124,
ex2-60,Dunsparce,Sandstorm,60,reverse_holo,6.44,13,triangulated,green,10,11,11,2026-08-04,5.154,4.1,
ex2-61,Duskull,Sandstorm,61,normal,2.34,3.16,triangulated,green,24,3,2,2026-08-04,2.7473214577282308,1.47,
ex2-61,Duskull,Sandstorm,61,reverse_holo,184,371,triangulated,red,0,4,2,2026-08-04,25.88,16.94,
ex2-62,Duskull,Sandstorm,62,normal,1.82,2.46,triangulated,green,38,3,3,2026-08-04,2.1394716407810495,2.0345,
ex2-62,Duskull,Sandstorm,62,reverse_holo,20,27,triangulated,amber,3,5,4,2026-08-04,23.398,16.82,
ex2-63,Eevee,Sandstorm,63,normal,5.77,11,triangulated,green,26,1,1,2026-08-04,6.955045691067354,5.003,
ex2-63,Eevee,Sandstorm,63,reverse_holo,19,38,triangulated,red,0,3,2,2026-08-04,86.45,52.42,
ex2-65,Growlithe,Sandstorm,65,normal,3.29,4.45,triangulated,green,87,5,5,2026-08-04,3.8693234657553743,3.4450000000000003,
ex2-65,Growlithe,Sandstorm,65,reverse_holo,23,31,triangulated,green,6,1,1,2026-08-04,27.061500000000002,49.483999999999995,
ex2-66,Lotad,Sandstorm,66,normal,1.93,2.62,triangulated,green,74,6,5,2026-08-04,2.27572180353663,2.3,
ex2-66,Lotad,Sandstorm,66,reverse_holo,15,21,triangulated,conflict,3,68,57,2026-08-11,18.101999999999997,17.718000000000004,6.94
ex2-67,Lotad,Sandstorm,67,normal,1.67,2.26,triangulated,green,40,3,3,2026-08-04,1.9638299195761322,2.595,
ex2-67,Lotad,Sandstorm,67,reverse_holo,10,20,triangulated,red,0,2,2,2026-08-04,23.0,14.642999999999999,
ex2-68,Marill,Sandstorm,68,normal,2.0,4.04,triangulated,green,58,12,10,2026-08-04,1.5687990015532618,2.64,
ex2-68,Marill,Sandstorm,68,reverse_holo,16,22,triangulated,amber,3,12,10,2026-08-04,18.771,16.4335,
ex2-72,Pikachu,Sandstorm,72,normal,8.99,15,triangulated,green,80,6,6,2026-08-04,11.818753017558386,8.260000000000002,
ex2-72,Pikachu,Sandstorm,72,reverse_holo,73,147,triangulated,amber,3,13,10,2026-08-04,59.033,85.2485,
ex2-73,Psyduck,Sandstorm,73,normal,16,20,triangulated,green,56,11,10,2026-08-04,16.20869278427086,14.458,
ex2-73,Psyduck,Sandstorm,73,reverse_holo,162,328,triangulated,green,5,7,5,2026-08-04,126.156,95.04814027,
ex2-74,Ralts,Sandstorm,74,normal,1.81,2.45,triangulated,green,43,1,1,2026-08-04,2.127908210622591,1.965,
ex2-74,Ralts,Sandstorm,74,reverse_holo,11,22,triangulated,red,0,1,1,2026-08-04,21.25,15.426,
ex2-75,Sandshrew,Sandstorm,75,normal,1.24,1.67,triangulated,conflict,66,11,10,2026-08-04,1.4556608113824563,1.99,0.49
ex2-75,Sandshrew,Sandstorm,75,reverse_holo,16,22,triangulated,amber,3,6,6,2026-08-04,19.368,12.4927875,
ex2-77,Seedot,Sandstorm,77,normal,0.68,0.91,triangulated,green,13,1,1,2026-08-04,0.7955437763668547,2.25079014,
ex2-77,Seedot,Sandstorm,77,reverse_holo,5.31,7.19,triangulated,amber,3,2,2,2026-08-04,6.250000000000001,4.297000000000001,
ex2-78,Shroomish,Sandstorm,78,normal,1.1,1.49,triangulated,green,35,1,1,2026-08-04,1.2914109461567418,1.99,
ex2-78,Shroomish,Sandstorm,78,reverse_holo,3.18,6.42,triangulated,green,6,3,3,2026-08-04,14.845500000000001,8.983500000000003,
ex2-81,Spearow,Sandstorm,81,normal,0.96,1.3,triangulated,green,32,8,8,2026-08-04,1.1333482690856316,1.995,
ex2-81,Spearow,Sandstorm,81,reverse_holo,8.14,11,triangulated,green,5,10,9,2026-08-04,9.582,6.471000000000001,
ex2-82,Trapinch,Sandstorm,82,normal,1.24,1.68,triangulated,conflict,42,6,5,2026-08-04,1.458120072380674,2.14,0.48
ex2-82,Trapinch,Sandstorm,82,reverse_holo,8.71,12,triangulated,amber,4,5,4,2026-08-04,10.252499999999998,6.950500000000001,
ex2-83,Wailmer,Sandstorm,83,normal,1.07,1.45,triangulated,conflict,36,3,2,2026-08-04,1.260273341206623,2.61,0.36
ex2-83,Wailmer,Sandstorm,83,reverse_holo,20,27,triangulated,amber,3,4,2,2026-08-04,23.165,15.002,
ex2-85,Zigzagoon,Sandstorm,85,normal,0.99,1.34,triangulated,green,44,6,5,2026-08-04,1.1640556751130124,1.99,
ex2-85,Zigzagoon,Sandstorm,85,reverse_holo,4.89,9.89,triangulated,amber,3,3,3,2026-08-04,14.757,5.4965,
ex2-92,Root Fossil,Sandstorm,92,normal,0.32,0.44,triangulated,green,17,2,2,2026-08-04,0.38037381562314315,1.5279999999999998,
ex2-92,Root Fossil,Sandstorm,92,reverse_holo,3.32,4.49,triangulated,amber,4,15,7,2026-08-04,3.9080000000000004,3.837,
ex2-94,Aerodactyl ex,Sandstorm,94,holo,125,170,triangulated,green,15,18,9,2026-08-11,147.63323349849333,146.262,
ex2-95,Aggron ex,Sandstorm,95,holo,89,147,triangulated,green,21,11,10,2026-08-11,110.68618643647046,70.205,
ex2-96,Gardevoir ex,Sandstorm,96,holo,183,248,triangulated,green,7,5,4,2026-08-04,215.30799911679694,143.225,
ex2-97,Kabutops ex,Sandstorm,97,holo,108,147,triangulated,green,15,11,9,2026-08-04,127.60453970633652,80.17099999999999,
ex2-98,Raichu ex,Sandstorm,98,holo,226,305,triangulated,green,22,19,14,2026-08-11,265.57917937373617,150.034,
ex2-99,Typhlosion ex,Sandstorm,99,holo,185,306,triangulated,green,12,19,10,2026-08-04,184.93910279475497,111.792,
dp3-1,Ampharos,Secret Wonders,1,holo,21,42,triangulated,red,0,7,7,2026-08-04,42.56,19.9661953,
dp3-1,Ampharos,Secret Wonders,1,normal,4.47,9.03,triangulated,red,0,5,5,2026-08-04,3.66,4.2945,
dp3-1,Ampharos,Secret Wonders,1,reverse_holo,30,41,triangulated,conflict,6,3,3,2026-08-04,35.387621808528344,7.319000000000001,2.21
dp3-10,Ho-Oh,Secret Wonders,10,holo,32,44,triangulated,green,14,18,15,2026-08-04,38.06838678884658,24.290000000000003,
dp3-10,Ho-Oh,Secret Wonders,10,reverse_holo,16,33,triangulated,red,0,6,6,2026-08-04,33.9,15.513,3.05
dp3-11,Jumpluff,Secret Wonders,11,holo,9.35,13,triangulated,green,5,15,12,2026-08-04,10.99528523000953,5.85,
dp3-11,Jumpluff,Secret Wonders,11,reverse_holo,5.07,10,triangulated,red,0,15,11,2026-08-11,6.8,4.876,
dp3-12,Lickilicky,Secret Wonders,12,holo,5.75,12,triangulated,green,16,12,9,2026-08-04,14.402788128661768,11.939000000000002,
dp3-12,Lickilicky,Secret Wonders,12,reverse_holo,6.94,9.39,triangulated,amber,3,9,8,2026-08-04,8.167,8.939,
dp3-14,Lugia,Secret Wonders,14,holo,59,119,triangulated,green,23,18,16,2026-08-04,115.19359435978305,71.919,
dp3-14,Lugia,Secret Wonders,14,reverse_holo,79,160,triangulated,amber,4,7,5,2026-08-04,51.3,58.2625,
dp3-15,Mew,Secret Wonders,15,holo,121,174,triangulated,green,25,8,8,2026-08-04,125.89384803131826,137.31,
dp3-15,Mew,Secret Wonders,15,reverse_holo,85,171,triangulated,amber,4,5,5,2026-08-04,84.60000000000001,56.40950000000001,
dp3-16,Raikou,Secret Wonders,16,holo,17,25,triangulated,green,33,14,10,2026-08-04,21.90180883771952,15.321000000000002,
dp3-16,Raikou,Secret Wonders,16,other,11,15,book,red,0,33,29,2026-08-04,24.19,9.61,
dp3-16,Raikou,Secret Wonders,16,reverse_holo,12,24,triangulated,red,0,16,16,2026-08-04,15.92,11.235,
dp3-17,Roserade,Secret Wonders,17,holo,6.91,14,triangulated,green,17,11,9,2026-08-04,7.821824371558282,4.831,
dp3-17,Roserade,Secret Wonders,17,reverse_holo,4.87,9.84,triangulated,amber,3,15,12,2026-08-04,4.087,4.74,
dp3-18,Salamence,Secret Wonders,18,holo,26,47,triangulated,amber,3,11,9,2026-08-04,26.187,19.505499999999998,
dp3-18,Salamence,Secret Wonders,18,reverse_holo,15,30,triangulated,conflict,19,8,8,2026-08-04,27.01240557020096,13.608,2.19
dp3-19,Suicune,Secret Wonders,19,holo,2.33,4.71,triangulated,green,35,27,23,2026-08-04,32.54955574442958,15.374500000000001,
dp3-19,Suicune,Secret Wonders,19,other,19,25,book,red,0,40,33,2026-08-04,29.76,13.56,
dp3-19,Suicune,Secret Wonders,19,reverse_holo,12,25,triangulated,red,0,10,8,2026-08-04,28.04,18.81,
dp3-2,Blastoise,Secret Wonders,2,holo,76,103,triangulated,green,6,14,9,2026-08-04,89.61546460017036,78.061,
dp3-2,Blastoise,Secret Wonders,2,reverse_holo,15,31,triangulated,red,0,9,8,2026-08-04,98.32,44.28,2.02
dp3-20,Venusaur,Secret Wonders,20,holo,22,44,triangulated,green,24,14,11,2026-08-04,39.82589467930295,25.9945,
dp3-20,Venusaur,Secret Wonders,20,normal,4.46,9.0,triangulated,red,0,9,9,2026-08-04,5.74,4.2845,
dp3-20,Venusaur,Secret Wonders,20,reverse_holo,11,23,triangulated,red,0,8,8,2026-08-04,40.51,14.807,2.02
dp3-21,Absol,Secret Wonders,21,normal,9.23,12,triangulated,green,15,3,2,2026-08-04,10.863788728106602,4.711,
dp3-21,Absol,Secret Wonders,21,reverse_holo,17,34,triangulated,amber,4,3,3,2026-08-04,32.8085,16.548,
dp3-22,Arcanine,Secret Wonders,22,holo,2.54,3.44,triangulated,green,37,33,29,2026-08-06,2.99,2.915,
dp3-22,Arcanine,Secret Wonders,22,normal,6.39,13,triangulated,green,26,9,9,2026-08-04,5.462986291764983,4.2764999999999995,
dp3-22,Arcanine,Secret Wonders,22,reverse_holo,11,22,triangulated,conflict,9,5,5,2026-08-04,2.99,20.031,0.13
dp3-3,Charizard,Secret Wonders,3,holo,30,60,triangulated,green,16,18,17,2026-08-04,179.7544407496854,125.41189222,
dp3-3,Charizard,Secret Wonders,3,reverse_holo,68,138,triangulated,red,0,7,7,2026-08-04,165.0,94.86,2.19
dp3-4,Entei,Secret Wonders,4,holo,9.77,20,triangulated,green,28,27,25,2026-08-04,35.22420750501873,18.434,
dp3-4,Entei,Secret Wonders,4,other,20,34,book,red,0,44,42,2026-08-04,23.69,12.01,
dp3-4,Entei,Secret Wonders,4,reverse_holo,15,29,triangulated,red,0,13,13,2026-08-04,31.06,14.016,
dp3-5,Flygon,Secret Wonders,5,holo,16,32,triangulated,green,14,8,7,2026-08-04,13.927990031535746,11.406,
dp3-5,Flygon,Secret Wonders,5,reverse_holo,5.95,12,triangulated,red,0,4,4,2026-08-04,35.68,5.7155000000000005,3.7
dp3-6,Gallade,Secret Wonders,6,holo,9.9,20,triangulated,green,7,12,9,2026-08-04,9.896143651102477,9.347000000000001,
dp3-6,Gallade,Secret Wonders,6,reverse_holo,3.47,4.69,triangulated,conflict,4,8,7,2026-08-04,4.077,4.3950000000000005,0.4
dp3-7,Gardevoir,Secret Wonders,7,holo,18,36,triangulated,red,0,8,5,2026-08-11,33.76,26.323999999999998,
dp3-7,Gardevoir,Secret Wonders,7,reverse_holo,37,50,triangulated,conflict,3,8,8,2026-08-04,43.852000000000004,29.71,2.08
dp3-8,Gastrodon East Sea,Secret Wonders,8,holo,11,19,triangulated,green,12,7,7,2026-08-04,12.842269744764788,8.986,
dp3-8,Gastrodon East Sea,Secret Wonders,8,reverse_holo,6.14,12,triangulated,red,0,10,7,2026-08-04,13.05,5.902500000000001,
pl3-1,Absol G,Supreme Victors,1,holo,26,46,triangulated,green,14,8,8,2026-08-04,25.698838636271,16.277,
pl3-1,Absol G,Supreme Victors,1,reverse_holo,18,33,triangulated,red,0,1,1,2026-08-04,42.5,19.857,
pl3-10,Rhyperior,Supreme Victors,10,holo,3.59,7.26,triangulated,green,10,13,11,2026-08-11,3.743631954857275,4.731000000000001,
pl3-10,Rhyperior,Supreme Victors,10,reverse_holo,4.08,8.25,triangulated,red,0,8,8,2026-08-11,3.2,2.51,
pl3-12,Swampert,Supreme Victors,12,holo,20,40,triangulated,green,20,8,8,2026-08-11,17.911420376751018,12.163,
pl3-12,Swampert,Supreme Victors,12,normal,9.33,19,triangulated,red,0,4,4,2026-08-04,7.02,1.77,
pl3-12,Swampert,Supreme Victors,12,reverse_holo,20,28,triangulated,amber,3,1,1,2026-08-04,23.948,13.199499999999999,
pl3-14,Yanmega,Supreme Victors,14,holo,4.85,9.8,triangulated,green,22,7,7,2026-08-04,7.199476768374144,4.025,
pl3-14,Yanmega,Supreme Victors,14,reverse_holo,2.79,5.11,triangulated,red,0,13,11,2026-08-04,6.41,3.041,
pl3-16,Articuno,Supreme Victors,16,normal,7.72,10,triangulated,green,17,5,4,2026-08-04,9.08197960156444,6.722,
pl3-16,Articuno,Supreme Victors,16,reverse_holo,12,22,triangulated,red,0,5,5,2026-08-04,21.99,13.234000000000002,2.57
pl3-2,Blaziken FB,Supreme Victors,2,holo,28,44,triangulated,green,23,6,6,2026-08-04,28.958695130249758,19.935,
pl3-2,Blaziken FB,Supreme Victors,2,reverse_holo,22,44,triangulated,amber,3,7,4,2026-08-04,17.991,13.5565,
pl3-20,Charizard G,Supreme Victors,20,normal,37,75,triangulated,green,27,2,2,2026-08-04,59.004517608724,28.086000000000002,
pl3-20,Charizard G,Supreme Victors,20,reverse_holo,62,90,triangulated,amber,3,2,2,2026-08-04,78.974,39.197,
pl3-3,Drifblim FB,Supreme Victors,3,holo,4.04,7.42,triangulated,green,10,9,8,2026-08-04,7.402953988209653,8.504999999999999,
pl3-3,Drifblim FB,Supreme Victors,3,reverse_holo,5.21,9.16,triangulated,amber,3,2,2,2026-08-04,5.214,4.194,
pl3-31,Lucario C,Supreme Victors,31,normal,19,25,triangulated,green,15,3,3,2026-08-04,21.886200652149135,15.941999999999998,
pl3-31,Lucario C,Supreme Victors,31,reverse_holo,31,56,triangulated,red,0,7,7,2026-08-04,119.99,33.307,6.62
pl3-35,Milotic C,Supreme Victors,35,holo,13,22,triangulated,conflict,53,15,14,2026-08-04,13.01129305946674,6.628,2.0
pl3-35,Milotic C,Supreme Victors,35,normal,3.72,7.51,triangulated,red,0,2,2,2026-08-04,9.29,5.78,
pl3-35,Milotic C,Supreme Victors,35,other,6.0,7.36,book,red,0,27,26,2026-08-04,12.62,6.56,
pl3-35,Milotic C,Supreme Victors,35,reverse_holo,10,21,triangulated,amber,8,3,3,2026-08-04,10.31,12.395,
pl3-4,Electivire FB,Supreme Victors,4,holo,12,17,triangulated,green,22,5,5,2026-08-04,14.43713281411282,9.381500000000003,
pl3-4,Electivire FB,Supreme Victors,4,reverse_holo,4.69,8.6,triangulated,red,0,1,1,2026-08-04,13.04,5.119000000000001,
pl3-40,Roserade C,Supreme Victors,40,normal,3.09,4.18,triangulated,green,10,4,4,2026-08-04,3.6332291932728413,3.7285838800000004,
pl3-40,Roserade C,Supreme Victors,40,reverse_holo,14,18,triangulated,amber,3,3,3,2026-08-04,15.999,11.722000000000001,
pl3-5,Garchomp,Supreme Victors,5,holo,34,46,triangulated,green,6,2,2,2026-08-04,39.726,20.316,
pl3-5,Garchomp,Supreme Victors,5,other,16,21,book,red,0,8,7,2026-08-11,49.69,19.26,2.68
pl3-5,Garchomp,Supreme Victors,5,reverse_holo,5.73,12,triangulated,green,23,4,4,2026-08-11,30.385286002679642,15.594,
pl3-6,Magmortar,Supreme Victors,6,holo,7.95,16,triangulated,green,17,16,11,2026-08-04,7.7130596350800245,4.729,
pl3-6,Magmortar,Supreme Victors,6,reverse_holo,6.89,14,triangulated,red,0,9,6,2026-08-04,4.16,2.84,
pl3-7,Metagross,Supreme Victors,7,holo,7.81,11,triangulated,green,23,13,12,2026-08-04,9.19274589195823,4.4799999999999995,
pl3-7,Metagross,Supreme Victors,7,other,5.0,8.99,book,red,0,17,14,2026-08-04,14.12,4.29,2.02
pl3-7,Metagross,Supreme Victors,7,reverse_holo,6.57,13,triangulated,amber,3,2,1,2026-08-04,12.439,7.457,
pl3-8,Rayquaza C,Supreme Victors,8,holo,42,86,triangulated,green,22,12,9,2026-08-04,78.50315103170388,58.554,
pl3-8,Rayquaza C,Supreme Victors,8,other,51,89,book,red,0,12,9,2026-08-04,195.42,129.73,2.78
pl3-8,Rayquaza C,Supreme Victors,8,reverse_holo,46,85,triangulated,red,0,2,2,2026-08-04,112.99,50.406,
pl3-9,Regigigas FB,Supreme Victors,9,holo,7.28,9.85,triangulated,green,9,5,4,2026-08-04,8.568166805754736,7.134,
pl3-9,Regigigas FB,Supreme Victors,9,reverse_holo,6.9,9.34,triangulated,amber,3,14,10,2026-08-04,8.122,6.414,
ex7-100,Rocket's Moltres ex,Team Rocket Returns,100,holo,111,225,triangulated,amber,1,2,2,2026-08-11,544.888,399.69,
ex7-101,Rocket's Scizor ex,Team Rocket Returns,101,holo,72,145,triangulated,amber,1,5,4,2026-08-04,587.95,341.02,
ex7-102,Rocket's Scyther ex,Team Rocket Returns,102,holo,341,461,triangulated,green,5,1,1,2026-08-04,400.69961293792556,354.5,
ex7-103,Rocket's Sneasel ex,Team Rocket Returns,103,holo,230,311,triangulated,green,6,9,8,2026-08-04,270.2066996212035,235.0,
ex7-104,Rocket's Snorlax ex,Team Rocket Returns,104,holo,240,484,triangulated,red,0,10,7,2026-08-04,599.0,900.0,
ex7-105,Rocket's Suicune ex,Team Rocket Returns,105,holo,635,859,triangulated,amber,3,1,1,2026-08-04,746.8295626948349,649.99,
ex7-15,Dark Dragonite,Team Rocket Returns,15,holo,46,92,triangulated,amber,3,0,0,,150.599,120.0,
ex7-15,Dark Dragonite,Team Rocket Returns,15,normal,69,94,triangulated,green,31,0,0,,81.74389635719429,62.593,
ex7-15,Dark Dragonite,Team Rocket Returns,15,other,,,,red,0,0,0,,169.24,125.16,
ex7-15,Dark Dragonite,Team Rocket Returns,15,reverse_holo,254,513,triangulated,red,0,0,0,,91.19,941.991,
ex7-16,Dark Muk,Team Rocket Returns,16,normal,7.08,9.58,triangulated,green,9,12,8,2026-08-04,8.327814413751456,6.08,
ex7-16,Dark Muk,Team Rocket Returns,16,reverse_holo,55,110,triangulated,red,0,26,22,2026-08-11,51.35,78.9685,7.43
ex7-17,Dark Raticate,Team Rocket Returns,17,normal,3.95,5.34,triangulated,green,18,8,8,2026-08-04,4.6461407246562985,6.260999999999999,
ex7-17,Dark Raticate,Team Rocket Returns,17,reverse_holo,15,30,triangulated,red,0,30,28,2026-08-04,80.0,44.487,16.9
ex7-19,Dark Tyranitar,Team Rocket Returns,19,holo,176,356,triangulated,red,0,6,6,2026-08-04,133.57,21.29,3.31
ex7-19,Dark Tyranitar,Team Rocket Returns,19,normal,49,73,triangulated,green,19,5,5,2026-08-04,48.886122805147174,30.198,
ex7-19,Dark Tyranitar,Team Rocket Returns,19,reverse_holo,95,191,triangulated,red,0,6,6,2026-08-04,275.0,253.607,6.82
ex7-20,Dark Tyranitar,Team Rocket Returns,20,holo,25,50,triangulated,amber,4,25,18,2026-08-04,66.015,49.760000000000005,
ex7-20,Dark Tyranitar,Team Rocket Returns,20,normal,30,61,triangulated,green,21,7,7,2026-08-04,19.687028452719915,18.487499999999997,
ex7-20,Dark Tyranitar,Team Rocket Returns,20,reverse_holo,263,356,triangulated,amber,3,1,1,2026-08-04,309.607,143.491,
ex7-21,Delibird,Team Rocket Returns,21,normal,15,20,triangulated,green,27,1,1,2026-08-04,17.459008394704185,12.1945,
ex7-21,Delibird,Team Rocket Returns,21,reverse_holo,63,127,triangulated,red,0,8,8,2026-08-04,69.68,90.9845,3.68
ex7-22,Furret,Team Rocket Returns,22,normal,22,43,triangulated,green,21,9,9,2026-08-04,21.213908425507693,20.059,
ex7-22,Furret,Team Rocket Returns,22,reverse_holo,58,78,triangulated,conflict,3,20,19,2026-08-04,67.95267836000001,67.274,3.07
ex7-23,Ledian,Team Rocket Returns,23,normal,1.91,2.59,triangulated,green,7,5,5,2026-08-04,2.2508725754812975,2.1959999999999997,
ex7-23,Ledian,Team Rocket Returns,23,reverse_holo,32,44,triangulated,amber,3,1,1,2026-08-04,38.061,20.222,
ex7-24,Magby,Team Rocket Returns,24,normal,3.65,7.38,triangulated,green,21,2,1,2026-08-04,3.130508125693175,3.1780000000000004,
ex7-24,Magby,Team Rocket Returns,24,reverse_holo,40,81,triangulated,red,0,2,1,2026-08-04,67.9,58.19,
ex7-25,Misdreavus,Team Rocket Returns,25,holo,28,56,triangulated,red,0,23,12,2026-08-04,3.42,39.99,
ex7-25,Misdreavus,Team Rocket Returns,25,normal,3.14,4.24,triangulated,green,28,5,2,2026-08-04,3.6900584272563464,2.944,
ex7-25,Misdreavus,Team Rocket Returns,25,reverse_holo,36,73,triangulated,red,0,23,12,2026-08-04,62.4,52.221999999999994,15.22
ex7-26,Quagsire,Team Rocket Returns,26,normal,5.39,7.29,triangulated,green,25,10,10,2026-08-04,6.3405145893433765,5.08,
ex7-26,Quagsire,Team Rocket Returns,26,reverse_holo,122,165,triangulated,conflict,3,27,19,2026-08-04,143.454,78.23700000000001,17.01
ex7-27,Qwilfish,Team Rocket Returns,27,normal,7.69,16,triangulated,green,16,2,2,2026-08-04,1.5618006039434358,3.2370000000000005,
ex7-27,Qwilfish,Team Rocket Returns,27,reverse_holo,33,66,triangulated,conflict,3,16,14,2026-08-04,65.486,34.79,23.68
ex7-28,Yanma,Team Rocket Returns,28,normal,7.56,10,triangulated,green,23,2,2,2026-08-04,8.890581450875793,6.1240000000000006,
ex7-28,Yanma,Team Rocket Returns,28,reverse_holo,54,72,triangulated,conflict,3,9,8,2026-08-04,62.999,40.307,5.77
ex7-51,Cubone,Team Rocket Returns,51,normal,4.95,6.7,triangulated,green,59,8,7,2026-08-04,5.825496590935652,3.9330000000000003,
ex7-51,Cubone,Team Rocket Returns,51,reverse_holo,89,127,triangulated,conflict,5,26,21,2026-08-04,126.74,81.99,22.29
ex7-52,Dratini,Team Rocket Returns,52,normal,2.44,3.3,triangulated,green,61,3,2,2026-08-04,2.871300404068999,2.4770000000000003,
ex7-52,Dratini,Team Rocket Returns,52,reverse_holo,91,123,triangulated,conflict,3,33,32,2026-08-11,106.951,63.1405,33.11
ex7-53,Dratini,Team Rocket Returns,53,normal,6.54,8.85,triangulated,green,15,4,4,2026-08-04,7.693926519987651,6.3740000000000006,
ex7-53,Dratini,Team Rocket Returns,53,reverse_holo,37,75,triangulated,red,0,11,11,2026-08-04,101.29,72.69,13.58
ex7-54,Drowzee,Team Rocket Returns,54,normal,0.73,0.98,triangulated,conflict,39,3,3,2026-08-04,0.8530249881313554,1.998,0.46
ex7-54,Drowzee,Team Rocket Returns,54,reverse_holo,8.46,17,triangulated,red,0,28,27,2026-08-11,45.73,26.28,41.76
ex7-55,Ekans,Team Rocket Returns,55,normal,0.46,0.62,triangulated,conflict,30,3,3,2026-08-04,0.5414847219782841,1.8005,0.34
ex7-55,Ekans,Team Rocket Returns,55,reverse_holo,19,39,triangulated,amber,4,1,1,2026-08-04,43.419500000000006,24.373,
ex7-56,Grimer,Team Rocket Returns,56,normal,2.46,3.33,triangulated,green,56,5,5,2026-08-04,2.8919359543444223,2.622,
ex7-56,Grimer,Team Rocket Returns,56,reverse_holo,56,76,triangulated,conflict,3,36,33,2026-08-11,66.214,44.428000000000004,25.08
ex7-57,Hoppip,Team Rocket Returns,57,normal,0.43,0.58,triangulated,green,19,2,2,2026-08-04,0.5079664741173295,1.99,
ex7-57,Hoppip,Team Rocket Returns,57,reverse_holo,29,39,triangulated,conflict,3,54,46,2026-08-11,33.752,22.631,32.93
ex7-58,Horsea,Team Rocket Returns,58,normal,1.78,2.41,triangulated,green,24,6,6,2026-08-04,2.0980449474181175,2.097,
ex7-58,Horsea,Team Rocket Returns,58,reverse_holo,15,30,triangulated,conflict,6,47,42,2026-08-11,55.494,27.13,23.42
ex7-59,Houndour,Team Rocket Returns,59,normal,2.27,3.08,triangulated,green,25,2,2,2026-08-04,2.674124689288989,2.958,
ex7-59,Houndour,Team Rocket Returns,59,reverse_holo,96,131,triangulated,conflict,3,11,10,2026-08-04,113.497,59.55,24.23
ex7-60,Houndour,Team Rocket Returns,60,normal,8.6,12,triangulated,green,42,4,3,2026-08-04,10.113746949204424,8.997,
ex7-60,Houndour,Team Rocket Returns,60,reverse_holo,24,48,triangulated,conflict,4,16,15,2026-08-11,103.60150000000002,89.75150000000001,9.33
ex7-61,Koffing,Team Rocket Returns,61,normal,0.94,1.27,triangulated,green,20,6,4,2026-08-04,1.1043285529772162,1.835,
ex7-61,Koffing,Team Rocket Returns,61,reverse_holo,19,38,triangulated,green,9,2,2,2026-08-04,39.212,20.803,
ex7-63,Larvitar,Team Rocket Returns,63,normal,9.51,19,triangulated,green,37,2,2,2026-08-04,2.675325581214083,2.444,
ex7-63,Larvitar,Team Rocket Returns,63,reverse_holo,58,118,triangulated,red,0,28,27,2026-08-11,88.49,84.402,37.9
ex7-65,Magikarp,Team Rocket Returns,65,normal,6.03,8.15,triangulated,green,48,3,2,2026-08-04,7.089415353521258,5.4175,
ex7-65,Magikarp,Team Rocket Returns,65,reverse_holo,268,363,triangulated,conflict,6,21,20,2026-08-04,315.857,144.19850000000002,44.36
ex7-69,Onix,Team Rocket Returns,69,normal,0.74,1.01,triangulated,green,16,1,1,2026-08-04,0.875324872135625,1.6981950399999999,
ex7-69,Onix,Team Rocket Returns,69,reverse_holo,20,38,triangulated,amber,4,3,2,2026-08-04,35.20443,26.251,
ex7-70,Psyduck,Team Rocket Returns,70,holo,18,24,triangulated,green,25,26,21,2026-08-04,21.0,31.490000000000002,
ex7-70,Psyduck,Team Rocket Returns,70,normal,22,30,triangulated,green,61,11,10,2026-08-04,26.4264472962336,16.412,
ex7-70,Psyduck,Team Rocket Returns,70,reverse_holo,118,239,triangulated,conflict,13,26,21,2026-08-04,11.136217508465052,8.095,0.41
ex7-72,Rattata,Team Rocket Returns,72,normal,1.03,1.4,triangulated,green,30,3,3,2026-08-04,1.2175056437142233,0.94,
ex7-72,Rattata,Team Rocket Returns,72,reverse_holo,3.73,7.53,triangulated,red,0,46,41,2026-08-11,47.98,38.83,20.73
ex7-73,Remoraid,Team Rocket Returns,73,normal,0.43,0.58,triangulated,conflict,8,4,4,2026-08-04,0.5032721073106068,0.32,0.29
ex7-73,Remoraid,Team Rocket Returns,73,reverse_holo,18,25,triangulated,amber,3,1,1,2026-08-04,21.698,20.506999999999998,
ex7-74,Sandshrew,Team Rocket Returns,74,normal,1.57,2.13,triangulated,green,32,4,4,2026-08-04,1.8515817366384606,1.892,
ex7-74,Sandshrew,Team Rocket Returns,74,reverse_holo,18,36,triangulated,conflict,4,21,18,2026-08-11,60.449,43.325,18.71
ex7-75,Sentret,Team Rocket Returns,75,normal,2.04,4.13,triangulated,green,63,9,6,2026-08-04,3.255082595434709,2.9150000000000005,
ex7-75,Sentret,Team Rocket Returns,75,reverse_holo,33,45,triangulated,amber,3,1,1,2026-08-02,39.357,34.923500000000004,
ex7-76,Slowpoke,Team Rocket Returns,76,normal,7.31,9.89,triangulated,green,36,2,2,2026-08-04,8.598510464560253,5.698500000000001,
ex7-76,Slowpoke,Team Rocket Returns,76,reverse_holo,126,171,triangulated,amber,3,1,1,2026-08-02,148.27800000000002,118.92699999999999,
ex7-77,Slugma,Team Rocket Returns,77,normal,0.42,0.56,triangulated,conflict,22,7,6,2026-08-04,0.49102614973355113,1.8299999999999998,0.18
ex7-77,Slugma,Team Rocket Returns,77,reverse_holo,12,25,triangulated,amber,3,1,1,2026-08-04,47.846,33.529,
ex7-78,Spinarak,Team Rocket Returns,78,normal,2.67,3.61,triangulated,green,31,2,2,2026-08-04,3.1384467106037173,3.035,
ex7-78,Spinarak,Team Rocket Returns,78,reverse_holo,20,38,triangulated,amber,3,1,1,2026-08-02,37.908,28.037,
ex7-80,Voltorb,Team Rocket Returns,80,normal,2.17,2.94,triangulated,green,27,2,2,2026-08-04,2.5560040440026452,2.2319999999999998,
ex7-80,Voltorb,Team Rocket Returns,80,reverse_holo,9.75,20,triangulated,red,0,2,1,2026-08-04,63.49,32.9,
ex7-81,Wooper,Team Rocket Returns,81,normal,3.76,5.09,triangulated,green,67,4,4,2026-08-04,4.422068373422259,3.4539999999999997,
ex7-81,Wooper,Team Rocket Returns,81,reverse_holo,119,160,triangulated,conflict,3,32,30,2026-08-11,139.491,79.464,29.9
ex7-96,Rocket's Articuno ex,Team Rocket Returns,96,holo,420,569,triangulated,conflict,4,9,5,2026-08-04,494.4867086433589,309.51300000000003,2.17
ex7-98,Rocket's Hitmonchan ex,Team Rocket Returns,98,holo,215,290,triangulated,green,5,8,7,2026-08-11,252.46877480065615,209.7,
ex7-99,Rocket's Mewtwo ex,Team Rocket Returns,99,holo,304,613,triangulated,amber,1,3,2,2026-08-04,1546.892,122.982,
ex10-101,Blissey ex,Unseen Forces,101,holo,109,147,triangulated,green,7,13,4,2026-08-04,128.10716498765652,97.997,
ex10-102,Espeon ex,Unseen Forces,102,holo,106,214,triangulated,conflict,45,9,5,2026-08-11,22.0,399.0,0.03
ex10-103,Feraligatr ex,Unseen Forces,103,holo,56,114,triangulated,amber,2,9,8,2026-08-11,190.3319142276743,104.4745,
ex10-104,Ho-Oh ex,Unseen Forces,104,holo,287,388,triangulated,amber,4,12,8,2026-08-11,337.5617633112103,239.99,
ex10-105,Lugia ex,Unseen Forces,105,holo,1102,1490,triangulated,amber,3,7,5,2026-08-11,1295.8887102663282,1080.249,
ex10-105,Lugia ex,Unseen Forces,105,normal,51,102,triangulated,red,0,9,6,2026-08-11,502.995,83.55199999999999,0.41
ex10-106,Meganium ex,Unseen Forces,106,holo,75,102,triangulated,amber,5,14,10,2026-08-04,88.38520443532616,15.404,
ex10-107,Politoed ex,Unseen Forces,107,holo,175,236,triangulated,green,5,7,6,2026-08-11,205.5542705128742,179.97,
ex10-108,Scizor ex,Unseen Forces,108,holo,15,30,triangulated,amber,1,4,1,2026-08-04,300.0,236.985,
ex10-109,Steelix ex,Unseen Forces,109,holo,208,282,triangulated,amber,3,9,6,2026-08-04,245.2459062876738,39.80500000000001,
ex10-110,Typhlosion ex,Unseen Forces,110,holo,165,199,triangulated,green,12,11,5,2026-08-11,192.61400035112803,95.83550000000001,
ex10-111,Tyranitar ex,Unseen Forces,111,holo,68,137,triangulated,amber,2,6,3,2026-08-11,499.9952552483318,293.227,
ex10-112,Umbreon ex,Unseen Forces,112,holo,907,1227,triangulated,amber,3,17,12,2026-08-11,1066.5279239752958,566.0060000000001,
ex10-51,Chikorita,Unseen Forces,51,holo,3.34,6.74,triangulated,red,0,54,39,2026-08-11,1.16,14.97,0.49
ex10-51,Chikorita,Unseen Forces,51,normal,1.26,1.7,triangulated,green,44,7,6,2026-08-04,1.4764835596180257,2.3345249999999997,
ex10-51,Chikorita,Unseen Forces,51,reverse_holo,20,34,triangulated,green,11,5,2,2026-08-04,34.175000000000004,24.283,
ex10-54,Cyndaquil,Unseen Forces,54,holo,4.74,9.58,triangulated,red,0,54,46,2026-08-04,2.58,,
ex10-54,Cyndaquil,Unseen Forces,54,normal,2.25,3.05,triangulated,green,68,14,12,2026-08-04,2.6517199430586245,1.689,
ex10-54,Cyndaquil,Unseen Forces,54,reverse_holo,9.34,19,triangulated,amber,3,2,2,2026-08-04,41.965,39.583,
ex10-55,Eevee,Unseen Forces,55,holo,6.69,14,triangulated,red,0,4,3,2026-08-04,147.73,,17.97
ex10-55,Eevee,Unseen Forces,55,normal,35,70,triangulated,red,0,4,3,2026-08-04,147.73,5.023000000000001,17.97
ex10-55,Eevee,Unseen Forces,55,reverse_holo,32,65,triangulated,red,0,1,0,2026-07-23,147.73,106.18,
ex10-57,Gligar,Unseen Forces,57,normal,0.39,0.53,triangulated,conflict,5,3,2,2026-08-04,0.4577300241402764,1.1908504199999999,0.22
ex10-57,Gligar,Unseen Forces,57,reverse_holo,10,21,triangulated,red,0,2,2,2026-08-04,18.47,17.1645,
ex10-59,Hoothoot,Unseen Forces,59,holo,1.09,2.19,triangulated,red,0,1,0,2026-08-04,0.31,,
ex10-59,Hoothoot,Unseen Forces,59,normal,0.42,0.86,triangulated,red,0,1,1,2026-08-04,0.32,0.27,
ex10-59,Hoothoot,Unseen Forces,59,reverse_holo,12,23,triangulated,green,22,5,4,2026-08-04,11.21559695648643,10.866000000000001,
ex10-60,Houndour,Unseen Forces,60,holo,15,31,triangulated,red,0,1,0,2026-08-04,50.65,24.99,
ex10-60,Houndour,Unseen Forces,60,normal,0.66,0.89,triangulated,conflict,21,3,3,2026-08-04,0.7733185678861538,1.99,0.23
ex10-60,Houndour,Unseen Forces,60,reverse_holo,46,63,triangulated,amber,3,1,1,2026-08-04,54.565,32.036,
ex10-61,Larvitar,Unseen Forces,61,holo,1.15,2.32,triangulated,red,0,1,1,2026-08-04,27.93,,
ex10-61,Larvitar,Unseen Forces,61,normal,0.38,0.51,triangulated,conflict,26,4,4,2026-08-04,0.4437853390657569,1.462,0.2
ex10-61,Larvitar,Unseen Forces,61,reverse_holo,32,43,triangulated,green,6,3,2,2026-08-04,37.495,24.339,
ex10-65,Onix,Unseen Forces,65,normal,0.7,0.95,triangulated,green,23,1,1,2026-08-04,0.8276236423558834,1.94,
ex10-65,Onix,Unseen Forces,65,reverse_holo,21,42,triangulated,green,9,4,4,2026-08-04,39.445,28.192,
ex10-66,Pineco,Unseen Forces,66,holo,1.55,2.1,triangulated,amber,3,65,57,2026-08-11,1.827,,
ex10-66,Pineco,Unseen Forces,66,normal,0.29,0.39,triangulated,conflict,12,7,6,2026-08-04,0.3421192224807505,0.36,0.17
ex10-66,Pineco,Unseen Forces,66,reverse_holo,2.85,5.76,triangulated,red,0,3,1,2026-08-04,13.55,12.84,0.26
ex10-67,Poliwag,Unseen Forces,67,holo,1.05,2.13,triangulated,red,0,54,46,2026-08-11,1.04,,
ex10-67,Poliwag,Unseen Forces,67,normal,1.28,1.73,triangulated,green,15,3,3,2026-08-04,1.5059869735312141,2.3049999999999997,
ex10-67,Poliwag,Unseen Forces,67,reverse_holo,32,43,triangulated,amber,4,8,8,2026-08-04,37.7595,20.088,
ex10-68,Poliwhirl,Unseen Forces,68,normal,1.35,1.83,triangulated,green,42,4,4,2026-08-04,1.5888356302806503,2.123,
ex10-68,Poliwhirl,Unseen Forces,68,reverse_holo,30,57,triangulated,green,6,1,1,2026-08-04,54.38250000000001,53.642,
ex10-69,Porygon,Unseen Forces,69,holo,12,25,triangulated,red,0,2,0,2026-08-04,0.69,20.07,
ex10-69,Porygon,Unseen Forces,69,normal,0.87,1.18,triangulated,green,30,2,2,2026-08-04,1.0223157702806362,1.8419999999999999,
ex10-69,Porygon,Unseen Forces,69,reverse_holo,13,27,triangulated,amber,4,1,1,2026-08-04,28.025,22.45,
ex10-70,Pupitar,Unseen Forces,70,holo,0.78,1.57,triangulated,red,0,77,68,2026-08-11,0.38,,0.32
ex10-70,Pupitar,Unseen Forces,70,normal,0.3,0.41,triangulated,conflict,18,9,8,2026-08-04,0.3584536420695636,1.99,0.07
ex10-70,Pupitar,Unseen Forces,70,reverse_holo,18,24,triangulated,green,6,1,1,2026-08-04,20.715,18.451999999999998,
ex10-71,Remoraid,Unseen Forces,71,normal,1.08,1.46,triangulated,conflict,46,3,3,2026-08-04,1.2665647341138966,1.99,0.4
ex10-71,Remoraid,Unseen Forces,71,reverse_holo,14,28,triangulated,red,0,28,26,2026-08-11,34.99,43.12,18.56
ex10-72,Slowpoke,Unseen Forces,72,normal,2.18,2.95,triangulated,green,40,5,4,2026-08-04,2.5679066983853804,2.843,
ex10-72,Slowpoke,Unseen Forces,72,reverse_holo,80,108,triangulated,conflict,3,31,27,2026-08-11,94.091,62.491,31.1
ex10-73,Slugma,Unseen Forces,73,holo,0.81,1.63,triangulated,red,0,1,0,2026-08-04,0.79,,
ex10-73,Slugma,Unseen Forces,73,normal,0.8,1.08,triangulated,conflict,35,7,7,2026-08-04,0.9380451561102997,2.19,0.38
ex10-73,Slugma,Unseen Forces,73,reverse_holo,13,26,triangulated,red,0,4,4,2026-08-04,65.0,21.249,
ex10-75,Spinarak,Unseen Forces,75,normal,0.41,0.56,triangulated,conflict,37,3,3,2026-08-04,0.48669802165209414,1.99,0.29
ex10-75,Spinarak,Unseen Forces,75,reverse_holo,11,22,triangulated,red,0,1,1,2026-08-04,54.99,17.857,
ex10-76,Sunkern,Unseen Forces,76,holo,3.72,7.52,triangulated,red,0,60,51,2026-08-11,17.07,,13.66
ex10-76,Sunkern,Unseen Forces,76,normal,0.42,0.57,triangulated,conflict,12,5,5,2026-08-04,0.49591649254854897,1.948,0.17
ex10-76,Sunkern,Unseen Forces,76,reverse_holo,15,20,triangulated,amber,3,8,4,2026-08-04,17.457,13.61,
ex10-77,Teddiursa,Unseen Forces,77,holo,3.1,6.27,triangulated,red,0,24,21,2026-08-04,1.42,,
ex10-77,Teddiursa,Unseen Forces,77,normal,1.0,1.35,triangulated,green,42,2,2,2026-08-04,1.1747670975953741,2.027,
ex10-77,Teddiursa,Unseen Forces,77,reverse_holo,42,57,triangulated,amber,3,3,3,2026-08-04,49.486,22.079,
ex10-78,Totodile,Unseen Forces,78,holo,4.32,8.74,triangulated,red,0,1,1,2026-08-02,1.33,,
ex10-78,Totodile,Unseen Forces,78,normal,1.18,1.6,triangulated,green,36,2,2,2026-08-04,1.3909168190883023,2.08,
ex10-78,Totodile,Unseen Forces,78,reverse_holo,83,112,triangulated,amber,3,2,1,2026-08-04,97.369,75.78800000000001,
xy1-30,M Blastoise-EX,XY,30,holo,23,32,triangulated,amber,34,4,2,2026-08-04,27.58058817764708,15.0,
